Match Date,Venue,BatsmanTeam,BowlersTeam,Batsman,Bowler,RunsPreviousPerformance,BatsmanOverallPerformance,StrikeRate,AvgRunsPerInning,BatsmanBattingOrder,BatsmanAge,BatsmanExperience,BatsmanFitness,BatsmanPreferredShots,BatsmanStrengths,BatsmanAbilityPace,BatsmanAbilitySpin,BowlerRecentWickets,BowlerOverallPerformance,BowlerLastseasonWickets,BowlerAccuracy,BowlersWorkload,MatchWeatherConditions,BowlerFitness,FieldingPositions,EconomyRate,PredictedRunsPerOver
15-04-2023,1,1,4,77,69,84,3,168,84,4,37,14,2,6,2,3,3,3,1,29,1,2,3,2,2,7,7
15-04-2023,1,1,4,12,8,68,2,243,68,2,23,2,3,6,2,2,1,1,3,23,3,3,1,2,3,9,9
15-04-2023,1,1,4,19,90,49,3,163,49,2,39,4,3,7,1,2,3,3,2,27,2,3,1,3,1,6,6
15-04-2023,1,1,4,27,54,73,2,183,73,6,35,11,2,7,2,2,2,2,1,18,1,3,2,2,3,6,7
15-04-2023,1,1,4,16,19,59,2,184,59,6,24,10,3,2,4,3,1,1,1,23,2,2,1,3,1,5,6
19-04-2023,3,2,3,13,36,88,3,160,88,7,36,5,1,3,5,2,2,1,3,21,2,3,4,2,2,7,5
19-04-2023,3,2,3,42,3,72,1,160,72,3,33,6,2,7,2,1,3,2,3,24,2,2,3,2,2,5,6
19-04-2023,3,2,3,17,18,57,1,190,57,5,39,5,1,4,4,2,1,2,2,24,2,3,3,2,1,8,9
19-04-2023,3,2,3,14,12,45,1,180,45,2,25,8,1,6,1,1,1,2,2,18,1,3,4,3,1,6,8
19-04-2023,3,2,3,5,32,63,2,166,63,7,40,13,1,2,1,2,3,1,2,29,1,2,2,2,1,9,9
22-04-2023,2,3,4,27,93,84,3,168,84,1,28,11,3,6,5,1,3,1,2,16,2,3,2,2,2,7,6
22-04-2023,2,3,4,12,18,68,2,243,68,5,28,5,2,4,3,1,2,3,3,23,3,3,1,3,3,6,5
22-04-2023,2,3,4,19,93,49,1,163,49,3,30,3,2,1,1,3,1,4,1,24,1,2,2,2,3,6,7
22-04-2023,2,3,4,27,54,73,3,183,73,3,30,8,1,6,2,2,3,2,1,23,1,3,1,3,2,6,7
22-04-2023,2,3,4,16,93,59,1,184,59,5,36,14,1,4,4,2,2,3,3,25,1,2,2,3,2,6,7
22-04-2023,2,3,4,27,54,79,1,158,79,2,32,10,2,5,3,1,1,1,2,15,2,2,1,3,1,7,8
22-04-2023,2,3,4,12,18,68,3,243,68,5,27,2,2,1,1,1,3,1,1,25,1,3,2,2,2,6,9
22-04-2023,2,3,4,19,93,49,1,163,49,1,37,6,2,6,5,3,3,1,2,18,1,2,2,3,1,6,9
25-04-2023,4,3,2,42,36,93,1,169,93,1,31,7,3,4,5,3,3,1,1,22,2,2,3,3,1,7,8
25-04-2023,4,3,2,24,12,75,1,188,75,4,24,3,3,2,3,2,1,3,1,18,3,3,4,3,3,9,7
25-04-2023,4,3,2,17,3,62,3,177,62,1,40,3,1,6,1,2,1,1,3,30,2,2,1,3,3,6,5
25-04-2023,4,3,2,5,99,58,2,181,58,5,22,13,3,1,4,3,2,3,3,27,3,3,4,3,1,9,8
25-04-2023,4,3,2,14,25,42,3,168,42,6,24,3,3,1,1,1,3,4,3,17,1,3,3,2,3,7,7
28-04-2023,3,2,4,41,29,87,1,174,87,3,29,6,3,7,1,1,3,2,1,25,2,3,4,2,3,8,5
28-04-2023,3,2,4,17,30,65,1,171,65,7,28,12,2,5,5,2,1,2,1,29,1,3,1,2,1,9,5
28-04-2023,3,2,4,24,32,58,2,193,58,5,40,10,3,7,1,1,3,4,2,24,1,2,1,2,3,7,5
28-04-2023,3,2,4,42,12,49,3,196,49,2,23,15,3,5,1,2,3,4,1,15,3,3,3,3,2,5,5
28-04-2023,3,2,4,189,29,35,2,175,35,3,31,6,2,1,4,1,1,2,1,16,2,2,4,2,3,8,8
29-04-2023,5,4,3,77,18,79,3,158,79,5,26,5,1,3,3,1,3,3,3,27,1,3,3,2,1,7,9
29-04-2023,5,4,3,16,93,65,1,217,65,2,37,13,3,6,4,1,2,4,3,17,1,3,3,2,3,9,8
29-04-2023,5,4,3,27,36,57,2,228,57,2,40,6,3,4,1,3,3,2,1,20,2,3,2,3,2,7,8
29-04-2023,5,4,3,12,93,45,2,225,45,3,37,7,3,3,5,3,3,2,1,22,1,2,4,3,3,8,5
29-04-2023,5,4,3,19,28,38,1,211,38,3,37,12,2,3,4,2,1,2,1,24,1,3,3,2,2,6,6
01-05-2023,2,3,1,41,69,96,1,160,96,4,27,12,3,4,3,2,3,1,1,26,3,2,4,3,1,7,5
01-05-2023,2,3,1,45,90,72,2,160,72,3,22,14,3,4,5,2,3,4,1,26,1,3,2,2,1,9,6
01-05-2023,2,3,1,32,19,55,3,157,55,7,35,9,2,5,5,1,3,4,3,27,1,3,2,2,2,7,9
01-05-2023,2,3,1,73,8,42,2,168,42,1,26,6,3,6,3,1,2,2,2,28,2,3,3,2,2,8,8
01-05-2023,2,3,1,33,54,38,3,190,38,5,28,8,3,6,3,1,2,4,2,29,1,2,2,3,2,6,5
03-05-2023,1,1,2,42,69,85,3,170,85,1,37,9,3,7,2,1,3,2,1,15,1,2,1,3,2,7,9
03-05-2023,1,1,2,17,8,69,3,182,69,5,39,11,2,2,1,1,2,3,2,30,3,3,2,2,1,9,5
03-05-2023,1,1,2,24,12,62,3,207,62,2,33,3,3,3,3,1,1,1,2,25,1,3,2,2,2,7,8
03-05-2023,1,1,2,189,30,47,3,188,47,2,29,13,3,5,4,2,3,1,1,21,3,3,4,2,2,6,7
03-05-2023,1,1,2,8,36,42,2,210,42,6,30,8,3,5,5,1,1,1,3,30,3,3,2,2,1,8,5
05-04-2023,2,3,1,45,90,78,3,150,78,7,23,14,2,3,2,3,3,4,3,30,3,3,3,3,2,8,7
05-04-2023,2,3,1,63,54,64,3,168,64,6,26,8,1,7,5,1,1,3,3,17,1,2,1,2,3,6,9
05-04-2023,2,3,1,7,93,45,2,150,45,1,28,10,3,6,1,1,2,1,1,16,3,3,4,3,2,4,9
05-04-2023,2,3,1,18,18,42,2,168,42,1,37,3,3,7,4,1,2,4,2,15,3,2,4,3,3,5,6
05-04-2023,2,3,1,33,28,30,2,200,30,4,29,11,2,5,3,3,2,4,1,20,3,2,1,3,1,5,8
07-04-2023,5,4,5,77,19,92,1,167,92,7,27,14,2,6,2,3,1,3,3,26,3,3,2,3,3,7,7
07-04-2023,5,4,5,12,15,51,3,255,51,4,25,8,3,2,5,1,1,1,1,16,1,3,1,3,3,6,9
07-04-2023,5,4,5,31,29,61,1,161,61,1,28,13,2,7,3,3,2,3,2,21,1,3,2,3,1,6,9
07-04-2023,5,4,5,22,69,48,2,160,48,7,39,2,2,2,3,1,3,3,1,25,3,3,4,2,3,6,8
09-04-2023,4,3,2,18,25,96,1,160,96,1,23,14,3,5,3,1,3,4,1,27,1,2,2,2,3,8,7
09-04-2023,4,3,2,5,99,68,2,194,68,7,36,3,1,4,2,2,3,4,3,25,3,2,2,3,1,7,9
09-04-2023,4,3,2,17,3,53,2,177,53,4,26,5,1,2,1,3,2,2,3,23,3,3,3,2,3,5,9
09-04-2023,4,3,2,14,36,47,2,188,47,1,40,8,1,6,1,1,3,2,3,29,2,3,3,3,1,5,6
12-04-2023,3,2,3,42,93,85,2,163,85,6,39,11,3,6,4,2,2,4,3,27,2,2,2,3,3,7,9
12-04-2023,3,2,3,41,18,69,1,173,69,6,29,13,3,1,1,1,3,3,3,20,3,2,1,2,2,6,6
12-04-2023,3,2,3,24,28,55,2,183,55,3,23,13,1,3,3,2,1,1,2,16,1,3,3,3,2,6,7
12-04-2023,3,2,3,32,93,40,2,200,40,4,34,4,3,5,3,2,2,4,3,27,3,2,4,3,1,5,5
12-04-2023,3,2,3,17,18,49,3,140,49,5,40,5,2,7,3,3,1,4,1,19,2,2,3,2,1,5,7
15-04-2023,1,1,4,27,74,79,1,158,79,7,39,4,3,7,4,2,1,3,3,16,2,3,3,3,3,7,8
15-04-2023,1,1,4,16,18,63,2,166,63,2,38,3,1,5,5,1,1,4,2,28,3,3,4,3,3,6,5
15-04-2023,1,1,4,52,69,57,2,190,57,5,32,8,3,5,3,3,3,1,2,30,3,2,2,3,3,5,9
15-04-2023,1,1,4,77,90,46,1,184,46,7,39,4,1,1,3,1,2,4,3,26,2,2,4,3,2,6,8
17-04-2023,2,3,5,31,93,96,3,160,96,5,26,15,2,4,2,2,1,2,1,16,3,3,1,3,1,7,6
17-04-2023,2,3,5,22,36,73,2,183,73,1,37,13,1,5,5,3,2,1,2,27,1,3,1,2,1,8,7
17-04-2023,2,3,5,51,28,57,1,163,57,7,34,8,3,2,1,3,2,4,2,19,3,2,4,2,2,9,8
17-04-2023,2,3,5,4,18,42,3,168,42,4,30,2,2,1,4,2,3,2,2,23,3,3,1,3,1,6,8
17-04-2023,2,3,5,33,15,39,3,195,39,7,31,5,2,1,3,3,1,2,1,15,2,2,2,3,3,8,6
20-04-2023,5,4,3,27,13,85,2,155,85,4,37,3,3,5,4,3,2,1,2,23,2,3,2,2,3,7,7
20-04-2023,5,4,3,52,5,63,3,166,63,6,25,9,2,7,3,1,3,1,1,22,3,2,1,2,2,6,5
20-04-2023,5,4,3,16,36,58,1,193,58,1,33,11,3,5,4,3,3,1,3,21,3,3,4,3,1,6,7
20-04-2023,5,4,3,12,13,45,1,225,45,5,24,12,1,4,2,2,3,3,2,27,1,2,2,2,3,5,6
20-04-2023,5,4,3,77,5,40,3,200,40,1,32,15,2,3,2,3,1,2,2,19,3,3,3,3,1,5,5
22-04-2023,6,5,1,22,90,92,3,159,92,3,36,13,2,6,3,3,3,1,3,17,2,3,2,3,2,7,8
22-04-2023,6,5,1,31,54,74,3,185,74,3,30,7,3,6,4,3,1,1,2,17,2,2,1,2,1,6,7
22-04-2023,6,5,1,51,12,61,1,174,61,4,36,12,1,4,2,3,1,1,2,25,2,3,2,2,3,8,8
22-04-2023,6,5,1,8,15,50,3,200,50,3,29,5,1,7,3,1,1,4,3,26,1,2,1,2,1,6,7
22-04-2023,6,5,1,37,90,39,1,195,39,6,29,11,3,4,4,2,3,3,2,29,2,3,2,3,2,7,9
24-04-2023,4,3,3,18,18,96,3,175,96,7,30,9,3,5,1,1,2,2,3,25,1,3,2,3,1,6,5
24-04-2023,4,3,3,5,28,71,1,178,71,5,24,8,1,5,1,2,2,4,3,21,3,2,4,2,1,6,9
24-04-2023,4,3,3,17,93,59,3,169,59,3,40,9,3,3,3,2,3,1,2,23,3,2,4,2,2,5,5
24-04-2023,4,3,3,14,18,47,1,157,47,7,26,7,1,3,2,3,3,4,1,18,1,2,4,3,1,8,8
24-04-2023,4,3,3,32,70,36,3,180,36,1,36,11,2,2,1,2,3,3,3,28,2,2,1,3,1,7,5
11-04-2023,3,2,3,32,20,84,1,168,84,7,30,7,2,3,3,3,3,4,3,22,3,3,2,2,2,9,8
11-04-2023,3,2,3,74,93,72,3,160,72,5,29,4,1,1,5,2,3,4,3,26,3,2,2,2,3,6,8
11-04-2023,3,2,3,73,25,58,2,193,58,7,27,5,3,6,4,2,1,1,3,21,3,3,2,2,3,8,8
11-04-2023,3,2,3,36,21,36,1,180,36,1,34,6,1,5,5,1,3,4,2,28,3,2,1,2,1,5,8
13-04-2023,7,5,4,9,30,88,2,160,88,3,24,15,1,3,5,3,1,1,2,19,3,3,2,2,2,7,7
13-04-2023,7,5,4,2,32,56,1,224,56,6,24,10,2,5,3,3,3,3,3,16,1,2,1,3,1,6,7
13-04-2023,7,5,4,10,29,64,2,160,64,2,37,13,2,3,2,2,3,2,3,22,3,2,2,2,3,8,9
13-04-2023,7,5,4,23,30,42,3,140,42,7,37,2,1,4,1,2,2,1,1,18,2,2,2,3,3,5,9
15-04-2023,2,3,5,51,36,78,2,156,78,4,29,3,3,2,5,2,2,3,1,19,2,3,3,3,2,10,8
15-04-2023,2,3,5,37,93,62,2,177,62,5,27,2,3,6,3,2,2,4,3,30,2,3,3,3,2,7,9
15-04-2023,2,3,5,22,33,56,1,187,56,4,36,7,2,5,4,3,2,3,2,27,2,3,1,3,2,7,8
15-04-2023,2,3,5,31,36,45,3,180,45,2,33,5,3,7,4,1,3,3,3,17,1,2,4,2,1,6,7
17-04-2023,4,3,1,18,3,82,3,149,82,3,39,8,1,7,5,3,1,4,1,21,1,3,2,2,1,9,5
17-04-2023,4,3,1,31,18,68,2,170,68,3,38,3,1,7,1,3,1,2,3,20,1,2,3,2,2,8,8
17-04-2023,4,3,1,7,36,50,1,167,50,6,31,4,2,2,5,1,2,3,2,19,3,2,4,3,2,6,5
17-04-2023,4,3,1,48,5,42,2,168,42,6,37,11,1,1,3,3,3,4,2,29,2,2,4,2,3,5,6
19-04-2023,6,5,5,31,2,96,3,175,96,6,37,5,2,5,2,2,1,2,2,22,2,3,2,2,2,7,7
19-04-2023,6,5,5,37,9,72,2,180,72,2,36,14,3,3,4,1,3,1,2,20,3,3,2,3,1,9,9
19-04-2023,6,5,5,22,28,58,1,193,58,5,28,11,3,1,2,1,1,2,2,19,1,3,2,2,2,6,5
19-04-2023,6,5,5,51,2,46,1,184,46,7,26,9,1,5,4,3,1,2,2,28,1,2,3,3,1,7,7
21-04-2023,2,3,2,17,93,88,2,176,88,4,37,7,3,2,3,1,3,4,1,22,3,2,2,3,3,7,5
21-04-2023,2,3,2,24,36,74,1,185,74,3,25,9,1,4,5,1,3,4,2,16,1,3,3,3,2,8,7
21-04-2023,2,3,2,41,28,56,2,160,56,4,29,12,1,4,5,3,2,4,1,20,2,3,3,3,1,9,9
21-04-2023,2,3,2,14,93,42,3,168,42,1,29,3,2,1,4,3,1,2,1,17,2,2,4,2,1,6,6
23-04-2023,5,4,1,31,75,86,1,172,86,3,36,3,1,3,5,2,3,3,3,26,1,2,3,2,3,9,9
23-04-2023,5,4,1,7,12,68,3,194,68,2,38,8,3,2,2,3,2,3,2,25,1,2,2,3,2,8,5
23-04-2023,5,4,1,18,29,52,1,173,52,7,26,8,3,1,4,1,1,4,2,16,2,3,3,3,3,6,5
23-04-2023,5,4,1,75,30,48,2,192,48,6,32,4,2,4,5,2,1,1,2,26,2,3,1,2,3,7,6
26-04-2023,5,4,5,77,13,88,1,176,88,1,40,5,1,5,3,1,1,3,2,26,2,2,4,3,3,8,8
26-04-2023,5,4,5,52,15,65,1,171,65,3,26,13,3,7,4,3,1,1,1,16,2,2,3,2,1,6,6
26-04-2023,5,4,5,16,4,57,1,190,57,4,34,6,1,4,3,2,2,2,3,23,3,2,2,2,3,6,8
26-04-2023,5,4,5,12,13,49,3,196,49,2,34,8,3,6,1,1,3,4,1,19,2,2,3,3,2,5,5
26-04-2023,5,4,5,27,19,38,2,190,38,4,32,5,1,3,2,2,1,4,1,15,3,2,4,2,1,5,5
28-04-2023,4,3,1,18,90,89,2,162,89,6,23,5,1,6,2,3,2,2,2,18,1,2,2,2,1,7,7
28-04-2023,4,3,1,5,12,72,1,180,72,2,35,10,2,5,3,3,3,4,1,21,2,2,3,3,2,7,5
28-04-2023,4,3,1,14,8,59,2,169,59,4,32,13,1,2,3,3,3,4,3,17,3,3,3,2,3,6,9
28-04-2023,4,3,1,17,90,51,2,170,51,2,24,12,3,3,2,2,1,4,1,24,1,2,3,3,1,5,9
28-04-2023,4,3,1,41,8,42,1,168,42,6,27,15,1,7,1,3,2,2,1,28,1,3,1,3,1,5,6
30-04-2023,3,2,3,42,93,96,3,175,96,7,32,2,2,3,2,3,3,4,1,17,2,2,4,3,2,6,6
30-04-2023,3,2,3,41,18,78,3,173,78,1,40,15,1,2,3,1,3,1,2,28,1,3,2,3,3,6,8
30-04-2023,3,2,3,24,93,55,2,157,55,3,32,12,1,5,3,3,3,3,1,27,3,3,3,3,3,5,7
30-04-2023,3,2,3,32,36,40,3,160,40,3,40,6,1,4,4,2,1,3,2,17,1,3,2,3,1,6,9
30-04-2023,3,2,3,17,93,49,2,163,49,3,29,11,2,6,5,3,1,3,2,17,3,2,4,3,3,5,9
03-05-2023,1,1,4,27,29,84,3,153,84,2,30,10,3,5,5,1,2,1,1,24,1,3,1,2,2,8,8
03-05-2023,1,1,4,16,12,69,3,173,69,2,34,9,1,7,1,1,2,3,2,21,2,3,4,3,1,6,7
03-05-2023,1,1,4,77,29,57,2,190,57,6,29,9,3,3,2,1,1,1,2,17,1,2,2,2,1,5,8
03-05-2023,1,1,4,12,52,48,2,192,48,7,34,11,2,2,3,3,1,4,3,19,1,3,2,3,1,5,6
03-05-2023,1,1,4,52,69,40,1,200,40,4,27,9,1,3,1,2,1,1,3,23,2,2,4,2,3,6,5
05-05-2023,6,5,3,31,13,98,3,163,98,6,29,2,1,5,2,1,2,2,3,17,2,3,4,2,3,7,5
05-05-2023,6,5,3,22,36,76,2,169,76,3,34,10,1,4,2,2,1,2,1,16,3,2,3,3,3,6,6
05-05-2023,6,5,3,51,5,59,2,169,59,3,37,3,2,1,5,1,1,3,3,20,2,3,4,2,1,6,7
05-05-2023,6,5,3,37,12,42,3,168,42,6,24,9,2,6,2,2,3,1,2,25,3,3,4,3,1,5,5
05-05-2023,6,5,3,8,13,38,3,190,38,4,28,8,3,7,3,2,2,3,1,19,2,3,2,2,2,8,8
25-04-2023,7,5,3,9,25,92,1,167,92,4,25,10,2,5,1,3,3,2,2,25,1,3,4,2,3,7,6
25-04-2023,7,5,3,23,36,68,2,194,68,5,37,10,3,6,3,3,1,1,2,19,3,2,2,3,2,8,7
25-04-2023,7,5,3,10,3,51,1,255,51,5,33,5,1,6,2,1,3,3,1,18,1,2,2,2,2,6,7
25-04-2023,7,5,3,102,5,45,1,150,45,3,35,3,2,2,4,3,1,1,2,21,1,2,1,2,1,5,7
27-04-2023,1,1,5,18,19,78,2,156,78,6,28,5,2,1,5,1,1,4,1,25,1,3,3,3,2,7,6
27-04-2023,1,1,5,48,15,62,3,163,62,3,30,11,3,5,5,1,1,2,3,28,3,3,3,2,3,8,5
27-04-2023,1,1,5,7,66,50,3,167,50,6,36,6,1,7,1,3,2,2,1,17,1,3,2,3,1,6,5
27-04-2023,1,1,5,31,19,48,3,160,48,3,39,14,1,5,1,3,3,1,3,28,1,2,4,2,1,6,9
29-04-2023,2,3,4,45,30,96,2,160,96,1,35,10,1,5,2,1,1,3,3,23,3,2,1,2,3,8,9
29-04-2023,2,3,4,32,32,72,2,160,72,1,24,8,3,1,1,2,3,1,2,22,3,2,3,2,1,8,8
29-04-2023,2,3,4,73,12,56,2,187,56,5,25,5,2,6,2,1,2,4,3,17,2,3,2,2,1,6,9
29-04-2023,2,3,4,36,30,42,1,168,42,6,34,14,1,7,5,1,3,2,3,15,3,2,3,2,1,6,5
01-05-2023,5,4,3,77,13,88,2,160,88,2,38,4,2,5,5,2,1,3,3,29,1,2,3,3,2,8,8
01-05-2023,5,4,3,12,36,68,1,194,68,3,33,5,3,3,3,2,1,4,3,18,2,3,3,2,3,7,8
01-05-2023,5,4,3,31,5,56,1,140,56,6,22,11,1,5,1,2,3,3,3,22,3,2,3,3,1,7,9
01-05-2023,5,4,3,22,13,48,2,160,48,3,28,6,2,6,1,2,1,3,2,29,1,3,3,3,3,6,7
03-05-2023,4,3,5,51,36,86,1,172,86,5,39,7,2,7,3,1,1,1,2,21,1,2,1,3,3,7,8
03-05-2023,4,3,5,37,12,68,1,170,68,2,32,12,2,6,4,1,2,3,1,24,3,2,2,2,3,9,9
03-05-2023,4,3,5,22,5,58,2,193,58,6,25,12,2,4,4,3,3,3,3,17,2,2,2,2,2,6,8
03-05-2023,4,3,5,31,12,46,2,184,46,5,38,7,3,2,3,3,1,3,3,16,1,2,4,3,2,7,8
05-05-2023,6,5,3,31,70,96,2,175,96,5,22,6,1,7,4,3,2,1,2,27,3,3,1,2,3,7,8
05-05-2023,6,5,3,37,36,72,1,180,72,5,30,7,1,5,1,3,1,1,2,28,3,2,3,3,3,9,5
05-05-2023,6,5,3,22,93,56,2,187,56,7,23,12,1,3,5,2,3,4,3,28,2,3,2,2,2,7,6
05-05-2023,6,5,3,51,36,46,3,184,46,7,30,8,2,3,2,3,1,1,2,28,3,2,1,2,1,6,6
07-05-2023,1,1,5,31,2,82,3,164,82,5,26,6,3,6,3,3,1,1,1,25,2,2,3,3,1,8,8
07-05-2023,1,1,5,7,28,68,1,194,68,2,26,3,3,5,4,1,1,3,2,19,1,2,3,2,1,8,7
07-05-2023,1,1,5,18,9,52,3,173,52,4,36,5,1,4,5,2,3,1,3,21,1,2,3,2,2,6,6
07-05-2023,1,1,5,75,2,48,1,192,48,2,39,9,2,5,4,2,3,3,1,19,2,3,1,3,2,7,8
07-05-2023,2,3,1,7,18,87,1,174,87,1,30,12,1,6,1,2,1,2,2,25,1,3,1,3,1,8,7
07-05-2023,2,3,1,48,93,70,1,175,70,3,30,8,1,5,1,2,2,2,3,24,2,2,4,2,1,6,6
07-05-2023,2,3,1,3,28,65,1,171,65,2,26,2,2,3,5,2,1,3,2,23,1,2,1,2,1,6,5
07-05-2023,2,3,1,8,18,52,1,173,52,4,32,14,1,3,5,2,2,1,1,15,1,2,3,2,1,5,9
07-05-2023,2,3,1,47,93,40,3,160,40,2,23,3,2,3,5,3,1,4,1,27,2,3,3,2,3,5,5
10-05-2023,5,4,2,77,18,95,1,173,95,6,40,2,3,4,2,3,3,2,2,25,1,3,3,2,2,6,5
10-05-2023,5,4,2,16,25,72,1,180,72,3,23,5,3,5,2,1,1,3,3,19,2,2,1,3,1,6,6
10-05-2023,5,4,2,12,99,58,3,193,58,3,34,5,3,1,5,3,2,3,3,26,3,2,2,2,2,6,9
10-05-2023,5,4,2,52,25,49,3,196,49,3,39,13,3,1,2,2,2,3,2,27,3,3,2,3,2,5,7
10-05-2023,5,4,2,27,25,42,2,210,42,7,34,8,3,2,5,3,3,3,3,20,2,3,1,2,3,5,6
13-05-2023,4,3,3,18,93,97,2,176,97,3,26,4,1,7,4,1,1,4,1,18,2,2,1,3,1,6,6
13-05-2023,4,3,3,5,28,76,2,190,76,2,30,10,1,1,5,1,3,1,3,23,3,3,4,3,3,6,9
13-05-2023,4,3,3,17,36,58,1,166,58,6,25,8,3,6,1,2,3,4,3,20,3,2,2,2,2,5,6
13-05-2023,4,3,3,14,93,45,2,150,45,5,32,12,1,7,4,1,3,2,1,30,3,3,3,3,1,8,5
13-05-2023,4,3,3,32,28,36,2,180,36,7,25,10,1,3,1,2,3,3,3,19,2,2,2,3,2,7,8
15-05-2023,3,2,1,42,54,94,2,171,94,1,34,7,2,2,3,3,3,3,2,28,1,3,3,2,2,5,5
09-05-2023,3,2,4,77,25,96,3,175,96,6,25,3,1,2,3,3,2,2,3,21,3,3,4,3,1,7,5
09-05-2023,3,2,4,12,21,74,3,185,74,7,24,15,3,5,1,1,3,4,3,15,2,2,1,2,1,8,9
09-05-2023,3,2,4,31,30,62,1,163,62,4,30,9,2,5,3,3,2,1,1,28,2,3,2,2,1,7,5
09-05-2023,3,2,4,22,32,58,2,193,58,6,33,9,2,1,5,2,2,4,3,25,2,2,2,2,1,7,7
11-05-2023,2,3,5,51,93,88,1,176,88,7,23,8,2,5,5,1,1,2,1,15,2,3,1,3,2,7,5
11-05-2023,2,3,5,37,36,72,2,180,72,7,24,11,2,2,1,3,2,4,1,16,2,3,1,3,1,9,9
11-05-2023,2,3,5,22,33,56,2,187,56,5,32,14,3,7,1,1,1,1,2,21,3,3,2,3,3,7,9
11-05-2023,2,3,5,31,36,46,2,184,46,7,30,10,3,3,4,1,3,2,2,17,2,3,4,3,1,6,8
13-05-2023,5,4,1,31,75,82,2,164,82,4,39,9,3,4,1,2,3,2,2,16,2,2,1,3,2,8,9
13-05-2023,5,4,1,7,12,68,3,194,68,2,25,11,1,1,5,2,3,4,1,30,3,2,3,3,2,8,9
13-05-2023,5,4,1,18,29,52,2,173,52,3,31,5,1,6,4,2,3,1,3,19,3,3,4,3,2,6,7
13-05-2023,5,4,1,75,30,48,1,192,48,2,29,9,2,7,5,2,2,2,2,19,3,2,4,2,2,7,5
15-05-2023,4,3,3,18,93,96,1,160,96,7,39,15,1,2,5,1,2,4,2,22,1,3,2,3,2,8,8
15-05-2023,4,3,3,5,70,74,3,185,74,1,32,8,1,4,2,1,3,4,2,30,1,3,2,3,1,8,7
15-05-2023,4,3,3,32,28,62,3,163,62,5,27,13,3,2,5,3,1,2,1,24,3,3,1,2,1,7,7
15-05-2023,4,3,3,103,93,58,1,193,58,1,29,15,2,1,2,3,3,1,2,26,3,3,2,2,2,7,8
17-05-2023,6,5,5,31,2,86,1,156,86,5,24,2,2,3,4,3,2,3,3,19,1,3,3,2,1,7,5
17-05-2023,6,5,5,37,28,72,3,180,72,6,25,10,1,6,1,2,1,2,2,26,1,2,3,2,2,9,5
17-05-2023,6,5,5,22,71,58,3,193,58,7,39,13,1,7,3,3,2,3,1,23,2,3,2,2,3,7,5
17-05-2023,6,5,5,51,9,46,1,184,46,6,37,4,3,1,1,3,1,1,2,15,2,3,3,2,1,6,7
19-05-2023,7,5,3,103,2,92,2,167,92,4,28,4,2,1,2,3,1,1,1,18,1,2,4,2,3,7,8
19-05-2023,7,5,3,18,3,68,1,194,68,3,28,3,1,4,4,1,3,3,3,19,3,2,4,3,2,8,8
19-05-2023,7,5,3,104,9,56,2,160,56,4,32,6,2,1,4,1,2,4,1,17,1,2,4,3,2,9,6
19-05-2023,7,5,3,105,4,48,1,160,48,4,33,13,2,5,3,3,1,4,1,29,3,2,1,3,3,6,8
21-05-2023,5,4,2,77,25,82,2,164,82,4,32,13,2,6,1,2,1,3,1,18,1,3,4,2,1,7,8
21-05-2023,5,4,2,12,99,68,2,194,68,3,35,5,1,6,2,1,2,1,2,24,1,3,2,2,1,8,5
21-05-2023,5,4,2,31,98,56,2,140,56,4,29,8,3,3,5,3,3,4,2,18,3,3,1,3,1,6,9
21-05-2023,5,4,2,22,21,52,3,173,52,3,36,11,1,4,5,1,3,3,1,23,2,2,2,2,2,7,9
23-05-2023,2,3,1,45,8,92,3,167,92,1,29,3,3,1,1,3,3,4,2,22,2,3,2,3,1,8,6
23-05-2023,2,3,1,32,90,74,2,185,74,6,28,2,2,7,3,3,1,4,2,27,1,3,3,3,2,9,7
23-05-2023,2,3,1,73,19,62,1,207,62,5,31,10,2,7,5,3,3,4,1,26,3,3,4,2,3,7,5
23-05-2023,2,3,1,36,8,48,1,192,48,2,32,2,2,4,2,1,2,3,1,25,3,2,3,2,2,6,7
25-05-2023,1,1,5,18,19,96,3,192,96,2,35,9,2,7,2,2,2,2,1,29,1,2,4,2,2,7,6
25-05-2023,1,1,5,48,15,72,1,180,72,5,25,12,1,3,1,2,3,3,1,15,3,3,3,3,2,9,8
25-05-2023,1,1,5,7,66,58,1,193,58,2,22,13,3,2,1,3,2,2,3,15,2,3,2,3,2,8,5
25-05-2023,1,1,5,31,19,52,2,173,52,2,35,12,3,2,2,3,3,1,1,17,1,3,3,2,3,6,5
27-05-2023,4,3,3,103,93,86,1,156,86,5,39,14,1,6,4,1,1,4,2,15,3,2,2,3,3,7,6
27-05-2023,4,3,3,18,36,68,3,194,68,2,39,9,3,3,5,1,1,2,1,17,1,3,1,2,2,8,5
27-05-2023,4,3,3,104,28,56,1,160,56,2,37,13,3,7,5,2,1,3,3,24,2,3,3,2,1,7,7
27-05-2023,4,3,3,105,70,48,2,160,48,1,37,7,2,7,2,2,1,3,2,30,1,2,2,2,2,6,6
29-05-2023,6,5,5,31,2,92,3,167,92,7,36,8,2,4,1,3,1,3,2,28,3,2,3,3,3,8,8
29-05-2023,6,5,5,37,28,74,2,185,74,6,24,7,1,5,2,1,3,2,3,28,3,3,1,3,3,9,5
29-05-2023,6,5,5,22,71,58,2,193,58,5,34,7,3,2,2,3,2,3,1,29,3,3,3,2,2,7,6
29-05-2023,6,5,5,51,9,46,1,184,46,5,25,10,2,2,1,2,1,2,1,27,3,3,4,2,2,6,5
31-05-2023,7,5,3,103,2,82,2,164,82,4,40,13,3,4,2,2,1,3,1,18,3,2,1,2,2,8,9
31-05-2023,7,5,3,18,3,68,3,194,68,6,38,2,3,1,1,2,2,4,3,15,2,3,4,2,2,8,8
31-05-2023,7,5,3,104,9,56,3,160,56,1,34,6,1,2,1,1,1,2,3,27,3,2,4,2,1,9,7
31-05-2023,7,5,3,105,4,48,1,160,48,1,28,6,2,5,2,1,3,2,3,28,1,3,3,3,2,6,7
07-05-2023,2,3,2,45,65,85,1,170,85,4,23,5,3,2,1,1,3,2,1,22,2,2,3,2,1,8,6
07-05-2023,2,3,2,63,99,72,1,180,72,3,40,9,1,2,2,2,2,3,1,29,2,2,1,3,3,6,6
07-05-2023,2,3,2,32,25,59,2,169,59,1,28,2,3,3,5,1,1,2,1,22,3,3,3,3,2,5,8
07-05-2023,2,3,2,73,22,42,2,168,42,6,30,2,3,2,3,3,1,4,2,20,3,2,1,3,2,5,5
07-05-2023,2,3,2,33,98,36,1,180,36,7,37,13,2,2,1,2,3,2,3,21,1,3,3,3,2,6,7
09-05-2023,5,4,1,77,90,96,3,160,96,6,26,5,3,3,5,1,3,1,2,16,3,3,4,3,2,8,8
09-05-2023,5,4,1,12,54,75,1,167,75,7,29,4,2,6,1,1,3,4,3,20,2,2,1,2,1,6,5
09-05-2023,5,4,1,52,19,62,1,177,62,5,30,7,2,6,1,3,3,1,1,15,3,2,2,3,1,6,5
09-05-2023,5,4,1,16,101,48,1,160,48,3,39,2,3,4,2,2,3,4,3,17,1,2,3,2,3,5,5
09-05-2023,5,4,1,27,54,40,1,160,40,4,37,11,2,7,3,1,3,2,2,20,1,2,1,3,1,6,8
11-05-2023,4,3,5,18,19,97,1,176,97,1,23,6,1,3,3,2,2,2,1,23,2,3,1,2,1,8,6
11-05-2023,4,3,5,5,97,75,1,188,75,6,24,2,2,3,1,1,1,3,2,18,1,2,3,2,1,6,8
11-05-2023,4,3,5,14,15,58,3,166,58,3,40,15,1,4,1,1,3,1,1,18,1,3,4,2,1,7,7
11-05-2023,4,3,5,17,19,52,3,173,52,4,31,14,3,2,4,2,3,3,3,30,3,3,3,3,3,5,8
11-05-2023,4,3,5,41,97,45,2,180,45,2,33,5,2,6,5,1,2,3,3,18,2,2,2,2,3,6,5
13-05-2023,3,2,4,42,29,88,1,160,88,1,35,5,3,6,5,2,1,3,2,18,3,2,1,2,3,7,9
13-05-2023,3,2,4,41,12,72,2,180,72,2,39,6,3,6,3,2,1,3,3,20,2,3,1,2,1,6,6
13-05-2023,3,2,4,24,69,62,3,177,62,2,32,10,3,7,4,1,2,4,1,19,2,3,3,3,2,6,2
13-05-2023,3,2,4,17,29,48,1,160,48,7,37,14,2,5,4,3,1,1,2,21,3,3,2,2,3,5,4
13-05-2023,3,2,4,32,32,42,3,168,42,1,29,12,3,5,5,1,3,2,2,30,3,2,1,3,3,6,3
15-05-2023,1,1,3,45,93,92,1,167,92,2,33,13,3,4,1,2,3,2,2,16,3,2,1,2,1,7,2
15-05-2023,1,1,3,63,28,68,1,170,68,6,35,3,2,7,1,3,3,1,1,22,3,2,1,3,3,6,1
15-05-2023,1,1,3,32,93,53,1,177,53,1,39,13,2,1,1,2,3,3,2,21,1,3,1,3,2,5,3
15-05-2023,1,1,3,73,36,45,1,180,45,6,26,4,2,6,1,1,1,4,3,27,3,3,3,3,1,6,3
15-05-2023,1,1,3,33,28,38,3,190,38,2,31,4,1,6,3,2,1,2,3,16,3,2,4,2,2,6,4
02-06-2023,5,4,5,31,12,86,1,156,86,7,32,13,2,5,2,3,1,1,1,27,1,3,2,2,3,8,2
02-06-2023,5,4,5,37,32,72,1,180,72,4,33,6,3,2,4,1,2,2,2,25,1,3,3,2,2,9,4
02-06-2023,5,4,5,22,29,58,3,193,58,2,33,6,2,1,4,2,2,2,3,16,3,3,1,2,2,7,4
02-06-2023,5,4,5,51,30,46,2,184,46,5,22,5,1,1,1,1,2,3,2,17,1,3,3,2,1,6,4
04-06-2023,2,3,2,24,25,92,2,167,92,4,30,13,1,4,2,1,2,1,2,30,2,3,2,2,3,7,1
04-06-2023,2,3,2,42,99,74,1,185,74,6,32,11,2,7,3,3,2,1,2,17,1,2,3,3,1,8,1
04-06-2023,2,3,2,17,98,62,1,163,62,2,39,2,3,4,1,3,2,1,2,16,2,3,2,3,2,6,2
04-06-2023,2,3,2,189,21,52,2,173,52,4,29,6,3,5,3,3,3,3,1,28,1,2,3,2,3,7,5
06-06-2023,4,3,1,18,90,86,3,156,86,4,23,10,2,5,4,1,1,2,3,28,2,3,1,3,1,9,5
06-06-2023,4,3,1,5,8,68,1,194,68,7,24,15,3,5,3,2,3,1,1,23,1,3,1,2,3,8,5
06-06-2023,4,3,1,32,54,56,2,160,56,7,32,11,1,6,4,3,2,1,1,25,3,3,4,2,3,7,2
06-06-2023,4,3,1,103,90,52,1,173,52,7,38,2,3,5,5,2,1,4,2,20,3,3,2,2,3,7,3
08-06-2023,6,5,4,31,12,92,2,167,92,6,33,7,3,2,3,3,2,4,2,28,1,2,4,2,1,8,1
08-06-2023,6,5,4,37,32,72,1,180,72,2,39,9,2,6,4,1,1,3,2,22,3,3,3,2,2,9,5
08-06-2023,6,5,4,22,29,58,1,193,58,3,35,4,3,6,4,1,1,3,1,26,3,3,3,2,3,7,2
08-06-2023,6,5,4,51,30,46,3,184,46,1,22,12,3,2,3,3,1,3,3,27,3,3,3,2,2,6,4
10-06-2023,7,5,3,74,93,86,2,156,86,1,26,9,3,3,4,3,1,2,3,26,1,3,1,2,2,7,2
10-06-2023,7,5,3,32,36,74,1,185,74,5,25,11,3,5,1,1,2,3,1,15,2,2,1,3,1,8,1
10-06-2023,7,5,3,73,19,62,3,207,62,4,25,15,1,7,3,1,1,2,2,28,1,3,3,3,1,7,5
10-06-2023,7,5,3,36,28,52,2,208,52,3,30,12,2,2,3,2,2,2,2,21,1,2,2,3,2,6,5
12-06-2023,3,2,3,42,36,92,3,167,92,7,31,8,2,6,4,2,1,4,1,28,3,3,4,3,3,7,3
12-06-2023,3,2,3,24,13,74,2,185,74,1,35,5,1,6,5,2,2,4,2,23,2,2,2,3,1,8,5
12-06-2023,3,2,3,17,12,62,2,163,62,6,29,7,1,6,5,1,2,3,2,19,2,3,1,2,3,6,5
12-06-2023,3,2,3,189,3,52,1,173,52,1,26,12,2,3,1,3,2,2,1,15,2,2,4,3,2,7,8
14-06-2023,2,3,1,45,90,86,3,156,86,1,24,3,2,7,3,3,2,1,3,25,2,2,4,2,1,7,5
14-06-2023,2,3,1,32,8,74,1,185,74,2,39,8,1,1,2,3,2,2,1,23,3,2,2,3,1,8,9
14-06-2023,2,3,1,73,19,62,1,207,62,2,29,15,3,3,4,1,2,3,1,20,1,2,1,2,3,7,5
14-06-2023,2,3,1,36,28,52,3,208,52,1,22,15,2,6,1,2,2,1,1,23,1,3,2,2,2,6,5
16-06-2023,5,4,5,77,2,92,1,167,92,6,34,6,1,7,3,1,3,2,2,19,3,2,3,3,3,8,8
16-06-2023,5,4,5,12,99,68,1,194,68,5,31,4,3,5,4,2,3,2,2,18,1,3,3,2,1,8,8
16-06-2023,5,4,5,31,98,56,1,140,56,1,32,4,3,6,5,1,2,4,2,21,1,3,3,3,3,6,7
16-06-2023,5,4,5,22,21,52,2,173,52,4,26,3,3,3,2,2,2,4,1,19,1,3,3,3,3,7,7
18-06-2023,2,3,5,31,12,86,1,156,86,1,24,15,1,3,4,1,1,2,3,22,1,2,4,2,1,8,8
18-06-2023,2,3,5,37,32,72,2,180,72,2,37,4,1,4,1,2,1,2,1,16,3,2,2,3,2,9,6
18-06-2023,2,3,5,22,29,58,2,193,58,1,26,10,3,7,3,2,1,1,2,23,3,2,1,3,2,7,9
18-06-2023,2,3,5,51,30,46,2,184,46,5,35,9,3,7,3,3,2,4,1,26,1,2,2,3,2,6,9
20-06-2023,4,3,2,103,25,92,2,167,92,1,40,14,2,7,1,2,2,1,1,23,3,3,3,2,3,7,7
20-06-2023,4,3,2,18,99,68,1,194,68,7,29,8,1,3,4,3,2,4,1,25,1,2,2,2,1,8,6
20-06-2023,4,3,2,32,54,56,3,160,56,2,32,5,1,3,2,1,3,4,3,18,3,2,3,2,3,7,8
20-06-2023,4,3,2,105,21,52,3,173,52,5,36,15,1,3,3,1,1,4,3,17,1,3,3,2,3,7,7
22-06-2023,6,5,4,31,12,86,2,156,86,7,24,10,3,4,1,2,1,1,2,17,2,3,4,3,2,8,7
22-06-2023,6,5,4,37,32,72,1,180,72,1,32,4,2,2,2,3,2,2,1,16,2,3,3,2,3,9,6
22-06-2023,6,5,4,22,29,58,2,193,58,2,32,5,1,1,2,3,2,1,2,26,1,2,4,3,3,7,8
22-06-2023,6,5,4,51,30,46,1,184,46,6,26,11,1,6,5,3,2,4,2,20,1,3,2,3,2,6,5
24-06-2023,7,5,3,74,93,92,3,167,92,2,33,2,2,5,5,2,1,1,3,17,2,2,1,3,1,7,8
24-06-2023,7,5,3,32,36,74,3,185,74,1,38,12,1,2,3,1,2,4,3,17,1,2,1,2,2,8,7
24-06-2023,7,5,3,73,19,62,1,207,62,4,22,3,3,6,5,1,2,1,1,28,1,2,1,2,2,7,8
24-06-2023,7,5,3,36,28,52,2,208,52,6,39,7,2,2,5,3,2,2,1,27,1,2,4,3,3,6,5
26-06-2023,3,2,3,42,36,92,2,167,92,2,27,9,1,2,4,3,2,4,2,15,2,3,3,2,1,7,6
26-06-2023,3,2,3,24,13,74,2,185,74,6,27,6,2,6,5,1,3,1,1,29,1,2,4,3,2,8,6
26-06-2023,3,2,3,17,12,62,1,163,62,6,23,4,2,7,1,1,1,2,3,29,3,2,2,2,2,6,9
26-06-2023,3,2,3,189,3,52,3,173,52,1,23,5,2,4,4,2,1,1,1,16,1,3,4,3,1,7,6
17-05-2023,2,3,4,45,30,88,3,176,88,1,32,6,2,1,2,3,2,3,3,25,2,2,3,3,2,8,7
17-05-2023,2,3,4,63,75,72,1,180,72,3,29,3,1,4,1,2,3,1,1,15,3,2,3,3,1,6,9
17-05-2023,2,3,4,32,69,58,1,166,58,2,23,10,1,3,5,1,3,4,1,23,3,3,2,2,1,7,7
17-05-2023,2,3,4,73,12,45,2,180,45,3,28,6,2,6,2,1,1,3,1,17,3,3,1,2,3,7,7
17-05-2023,2,3,4,33,29,40,3,200,40,4,32,11,3,5,4,3,2,1,3,30,1,3,4,3,2,6,6
19-05-2023,5,4,2,42,18,96,3,175,96,2,37,12,1,3,5,2,1,2,2,20,3,3,1,3,2,7,9
19-05-2023,5,4,2,24,93,78,3,173,78,4,23,3,3,5,4,3,1,3,1,20,3,2,4,3,2,6,7
19-05-2023,5,4,2,17,28,60,2,171,60,2,34,9,3,6,5,1,1,4,1,21,3,2,2,2,2,6,6
19-05-2023,5,4,2,41,33,52,2,173,52,2,40,8,3,5,3,2,1,4,3,17,1,2,1,3,2,5,6
19-05-2023,5,4,2,32,36,44,3,176,44,5,27,4,2,6,1,2,2,2,1,22,2,3,4,3,2,6,6
21-05-2023,4,3,1,18,96,90,1,164,90,2,34,2,1,3,5,1,3,1,2,25,1,3,1,2,1,8,5
21-05-2023,4,3,1,31,36,75,1,188,75,7,33,10,3,7,1,1,2,3,3,17,3,2,1,2,2,6,6
21-05-2023,4,3,1,7,3,62,1,177,62,7,40,9,3,5,1,2,3,4,2,19,2,3,1,3,3,5,8
21-05-2023,4,3,1,48,5,55,2,183,55,7,38,5,3,5,2,3,1,4,3,30,1,2,4,3,3,6,7
21-05-2023,4,3,1,54,13,40,3,200,40,5,26,7,1,7,3,3,1,3,3,15,3,3,3,2,2,6,8
23-05-2023,3,2,5,42,19,92,1,167,92,7,28,12,3,7,4,1,2,2,1,19,3,2,1,3,1,7,7
23-05-2023,3,2,5,41,15,78,1,173,78,7,28,6,3,3,3,3,3,4,1,21,1,3,4,2,2,6,6
23-05-2023,3,2,5,17,66,60,1,171,60,6,36,5,3,7,2,3,2,4,1,17,1,2,3,3,1,6,8
23-05-2023,3,2,5,24,19,52,1,173,52,1,27,10,1,7,4,1,2,2,3,15,3,2,2,2,1,5,8
23-05-2023,3,2,5,16,9,45,1,180,45,4,29,4,2,4,5,1,2,2,2,26,2,3,3,3,3,6,6
25-05-2023,1,1,3,18,13,97,1,176,97,3,23,8,3,4,2,3,1,3,3,20,1,2,3,3,3,8,7
25-05-2023,1,1,3,31,36,82,1,182,82,6,37,8,3,7,4,3,1,1,1,29,3,2,3,2,1,6,8
25-05-2023,1,1,3,7,3,65,2,186,65,4,33,12,1,3,1,1,2,2,3,27,2,3,2,2,2,5,8
25-05-2023,1,1,3,48,5,58,3,193,58,7,26,14,2,7,2,3,3,3,3,26,1,2,2,3,1,6,9
25-05-2023,1,1,3,8,33,42,1,168,42,2,25,10,1,5,2,3,3,2,1,17,3,3,4,2,2,6,7
28-06-2023,5,4,5,31,12,86,1,156,86,3,23,8,3,5,1,2,2,3,1,24,2,2,2,3,1,8,2
28-06-2023,5,4,5,37,32,72,1,180,72,7,25,11,2,7,4,1,1,4,3,22,1,2,4,2,1,9,6
28-06-2023,5,4,5,22,29,58,3,193,58,4,35,8,2,2,4,2,2,3,3,22,1,2,1,2,3,7,9
28-06-2023,5,4,5,51,30,46,2,184,46,7,28,11,3,7,2,3,2,3,2,27,1,2,2,3,2,6,9
30-06-2023,2,3,2,24,25,92,1,167,92,5,37,15,2,3,3,2,2,1,2,18,2,3,1,2,3,7,7
30-06-2023,2,3,2,42,99,74,2,185,74,1,24,9,1,1,5,3,2,3,3,19,1,2,1,3,1,8,5
30-06-2023,2,3,2,17,98,62,1,163,62,1,38,9,2,2,1,3,1,3,2,17,2,3,1,3,1,6,5
30-06-2023,2,3,2,189,21,52,3,173,52,4,38,7,3,2,3,2,2,2,2,21,1,3,4,3,2,7,7
02-07-2023,4,3,1,18,90,86,2,156,86,7,30,11,2,5,3,1,3,2,3,18,3,2,1,2,1,9,7
02-07-2023,4,3,1,5,8,68,1,194,68,4,34,3,2,4,4,2,2,3,2,15,3,2,2,3,2,8,4
02-07-2023,4,3,1,32,54,56,1,160,56,1,39,12,2,5,5,2,1,3,1,17,3,3,2,2,2,7,2
02-07-2023,4,3,1,103,90,52,2,173,52,4,38,13,1,7,1,1,3,4,1,30,3,2,2,2,3,7,4
04-07-2023,6,5,4,31,12,92,1,167,92,3,30,6,2,2,4,1,1,1,2,17,1,2,4,2,2,8,2
04-07-2023,6,5,4,37,32,72,3,180,72,7,24,8,1,1,3,3,1,3,1,16,2,2,3,3,3,9,4
04-07-2023,6,5,4,22,29,58,3,193,58,5,25,4,3,3,1,1,2,4,3,26,2,3,3,3,1,7,3
28-06-2023,5,4,5,77,2,92,2,167,92,3,22,4,2,3,2,1,1,3,1,30,3,2,1,2,1,8,3
28-06-2023,5,4,5,12,99,68,2,194,68,5,37,3,1,1,2,1,1,4,3,24,2,2,1,2,1,8,1
28-06-2023,5,4,5,31,98,56,2,140,56,7,29,11,2,2,5,1,3,2,3,29,1,2,1,3,3,6,1
28-06-2023,5,4,5,22,21,52,1,173,52,4,34,3,3,5,1,2,1,2,3,26,1,3,3,3,2,7,7
30-06-2023,2,3,2,24,25,92,3,167,92,3,25,6,3,6,5,1,3,3,3,25,3,3,3,2,1,7,7
30-06-2023,2,3,2,42,99,74,2,185,74,6,27,7,3,5,2,2,1,1,1,21,2,2,2,3,1,8,3
30-06-2023,2,3,2,17,98,62,1,163,62,2,40,4,3,1,4,1,3,1,1,26,2,2,4,3,2,6,4
30-06-2023,2,3,2,189,21,52,1,173,52,7,36,5,3,7,1,1,3,1,1,22,3,2,1,2,1,7,6
02-07-2023,4,3,1,18,90,86,1,156,86,3,22,8,2,3,4,3,2,2,1,28,2,2,2,2,2,9,4
02-07-2023,4,3,1,5,8,68,1,194,68,6,39,11,1,7,4,2,2,4,1,17,2,3,1,3,1,8,3
02-07-2023,4,3,1,32,54,56,3,160,56,4,32,4,2,4,1,2,1,1,2,30,3,2,2,3,3,7,6
02-07-2023,4,3,1,103,90,52,1,173,52,3,37,7,1,4,5,1,3,3,1,17,1,2,2,2,3,7,2
04-07-2023,6,5,4,31,12,92,3,167,92,3,32,11,2,1,2,2,2,4,3,27,3,2,2,2,3,8,5
04-07-2023,6,5,4,37,32,72,1,180,72,5,31,15,3,3,2,1,2,1,3,15,2,2,4,3,2,9,1
27-05-2023,2,3,2,45,46,85,3,163,85,6,37,9,3,6,3,3,1,4,2,25,1,3,3,3,3,8,2
27-05-2023,2,3,2,63,22,72,3,180,72,2,26,8,2,5,2,2,2,2,1,24,3,3,3,3,3,6,7
27-05-2023,2,3,2,32,25,60,1,171,60,1,22,12,2,7,5,3,1,2,1,20,2,2,4,2,3,5,6
27-05-2023,2,3,2,73,20,48,2,160,48,7,40,14,1,3,1,1,1,2,2,16,1,3,3,2,2,6,4
27-05-2023,2,3,2,33,65,40,1,200,40,5,25,7,2,4,3,2,2,3,3,26,1,2,1,2,3,6,4
29-05-2023,5,4,1,77,90,96,1,175,96,7,35,11,2,7,3,2,1,4,2,24,3,3,1,3,2,7,6
29-05-2023,5,4,1,12,54,75,2,167,75,1,32,12,2,5,4,1,2,2,1,28,1,2,2,3,1,6,3
29-05-2023,5,4,1,19,18,62,3,177,62,3,36,6,3,1,5,3,1,4,3,19,1,3,2,2,3,6,5
29-05-2023,5,4,1,27,29,55,2,183,55,5,32,6,1,5,4,1,2,4,1,18,2,2,1,3,1,5,4
29-05-2023,5,4,1,75,74,42,2,168,42,5,33,12,1,1,5,1,1,3,1,16,1,3,3,2,1,6,5
02-06-2023,4,3,3,45,93,88,1,176,88,4,22,7,3,2,2,1,2,2,1,25,1,3,1,2,1,8,4
02-06-2023,4,3,3,63,36,72,3,180,72,3,36,6,1,5,4,3,3,3,2,22,3,3,1,3,1,6,6
02-06-2023,4,3,3,32,28,60,2,171,60,1,34,3,1,5,5,3,1,2,3,23,3,3,2,2,1,5,7
02-06-2023,4,3,3,73,27,48,2,160,48,6,27,4,2,1,3,3,1,2,3,21,2,3,3,3,1,6,6
02-06-2023,4,3,3,33,34,40,2,200,40,7,30,8,1,6,4,1,2,3,1,26,1,3,2,3,3,6,5
05-06-2023,3,2,4,42,30,96,3,175,96,5,33,11,2,7,3,2,1,3,1,29,2,2,2,2,2,7,4
05-06-2023,3,2,4,24,12,78,1,173,78,3,28,6,3,2,3,1,3,3,3,27,3,2,3,3,3,6,7
05-06-2023,3,2,4,17,29,60,1,171,60,4,39,9,3,7,3,3,1,4,1,23,2,2,3,2,1,6,7
05-06-2023,3,2,4,41,69,52,1,173,52,5,38,14,1,2,1,1,2,2,3,22,2,3,4,2,3,5,1
05-06-2023,3,2,4,32,75,44,3,176,44,4,29,8,2,2,2,3,2,4,3,20,1,3,4,2,1,6,7
07-06-2023,1,1,5,31,54,92,1,167,92,3,31,4,1,5,2,2,1,2,1,29,1,2,4,2,3,7,7
07-06-2023,1,1,5,22,90,78,2,173,78,6,36,6,1,6,5,1,3,2,3,20,3,2,4,3,3,6,4
07-06-2023,1,1,5,51,8,60,1,171,60,7,28,2,2,7,1,2,3,3,1,18,3,3,1,3,1,6,6
07-06-2023,1,1,5,37,101,48,3,160,48,4,24,4,1,3,1,1,2,3,1,26,1,3,1,2,1,6,1
07-06-2023,1,1,5,59,47,40,1,200,40,7,28,14,2,7,4,3,2,2,2,21,3,3,4,2,3,6,7
09-06-2023,2,3,4,45,12,85,2,163,85,4,28,3,2,1,4,3,1,4,3,17,3,3,3,2,3,8,6
09-06-2023,2,3,4,63,30,72,2,180,72,4,32,11,1,2,4,2,2,2,3,25,1,2,2,3,2,6,1
09-06-2023,2,3,4,32,75,60,2,171,60,4,23,10,1,7,2,1,2,2,1,16,2,3,2,3,1,5,7
09-06-2023,2,3,4,73,29,48,2,160,48,6,30,5,2,5,5,1,1,4,2,30,2,2,1,3,2,6,3
09-06-2023,2,3,4,33,69,40,1,200,40,3,28,5,2,4,3,2,1,2,3,21,2,3,4,3,3,6,5
12-06-2023,5,4,1,77,90,96,2,175,96,3,24,9,3,3,4,1,1,1,3,23,2,2,1,2,1,7,4
12-06-2023,5,4,1,12,8,75,2,167,75,6,35,15,3,5,4,1,1,4,1,18,2,3,1,3,3,6,6
12-06-2023,5,4,1,19,54,62,3,177,62,7,29,13,2,1,5,1,3,3,1,15,1,2,2,3,2,6,5
12-06-2023,5,4,1,27,35,55,2,183,55,1,37,3,1,7,1,1,2,3,3,29,3,2,1,2,2,5,6
12-06-2023,5,4,1,75,19,42,1,168,42,4,27,4,3,2,3,2,2,3,1,24,2,2,2,3,3,6,1
15-06-2023,4,3,5,31,15,92,3,167,92,5,36,7,1,6,2,1,1,1,1,16,2,2,4,2,3,7,6
15-06-2023,4,3,5,22,19,78,3,173,78,7,31,14,3,2,1,1,3,3,3,22,3,3,3,2,2,6,7
15-06-2023,4,3,5,51,13,60,1,171,60,6,22,13,3,2,1,2,3,1,3,18,1,3,2,2,3,6,1
15-06-2023,4,3,5,37,36,48,3,160,48,1,28,12,1,1,5,3,3,1,1,19,3,3,3,3,1,6,6
15-06-2023,4,3,5,59,5,40,3,200,40,3,33,11,2,1,5,1,2,1,3,19,3,2,4,2,1,6,3
09-06-2023,2,3,3,45,13,85,2,163,85,6,26,7,3,3,5,1,1,3,2,16,3,2,3,2,2,8,7
09-06-2023,2,3,3,63,3,72,2,180,72,5,22,8,2,5,4,3,3,1,1,30,2,2,2,2,3,6,7
09-06-2023,2,3,3,32,36,60,3,171,60,1,35,2,2,2,4,1,3,4,2,26,1,3,4,2,3,5,6
09-06-2023,2,3,3,73,99,48,3,160,48,3,38,12,2,7,4,2,2,1,2,20,2,3,4,3,1,6,6
09-06-2023,2,3,3,33,60,40,1,200,40,5,33,13,3,5,1,2,2,3,3,26,3,2,2,2,2,6,7
11-06-2023,5,4,2,42,69,96,3,175,96,7,34,10,2,3,5,3,2,4,2,26,3,3,4,3,2,7,6
11-06-2023,5,4,2,24,99,78,3,173,78,6,27,5,3,1,3,3,1,1,1,23,1,3,4,3,1,6,6
11-06-2023,5,4,2,17,22,60,3,171,60,2,27,9,3,6,3,3,2,2,2,17,2,2,2,3,3,6,3
11-06-2023,5,4,2,41,30,52,1,173,52,1,23,8,2,7,2,1,2,1,2,20,3,3,1,3,1,5,2
11-06-2023,5,4,2,32,12,44,2,176,44,3,23,5,1,4,2,3,3,1,1,28,3,3,3,3,1,6,3
13-06-2023,4,3,5,31,19,92,2,167,92,2,39,9,1,6,5,1,1,1,1,26,2,3,1,2,3,7,3
13-06-2023,4,3,5,22,15,78,1,173,78,7,38,8,3,2,2,3,3,2,3,17,3,2,2,3,3,6,4
13-06-2023,4,3,5,51,5,60,2,171,60,3,29,3,3,5,3,3,3,2,3,26,2,3,3,2,2,6,2
13-06-2023,4,3,5,37,33,48,1,160,48,2,35,6,3,4,4,3,3,2,1,26,1,2,2,3,2,6,6
13-06-2023,4,3,5,59,13,40,2,200,40,7,35,12,2,6,5,2,2,2,3,15,3,3,2,2,2,6,4
15-06-2023,3,2,1,42,90,96,2,175,96,6,36,13,3,4,2,3,3,1,3,26,2,2,2,2,1,7,7
15-06-2023,3,2,1,24,18,78,1,173,78,6,26,13,3,6,3,1,1,2,1,21,2,3,1,2,3,6,6
15-06-2023,3,2,1,17,54,60,3,171,60,6,40,14,1,6,3,3,2,4,3,27,2,3,3,3,2,6,1
15-06-2023,3,2,1,41,8,52,3,173,52,1,27,10,1,6,2,1,3,1,1,29,1,2,4,2,3,5,3
15-06-2023,3,2,1,32,19,44,1,176,44,2,26,2,2,3,5,3,1,3,2,20,3,3,4,2,2,6,4
17-06-2023,2,3,4,77,93,92,1,167,92,2,36,2,3,1,1,2,2,3,2,21,3,3,3,3,1,7,3
17-06-2023,2,3,4,27,18,78,3,173,78,6,28,9,1,2,2,1,1,3,1,15,1,3,1,3,1,6,1
17-06-2023,2,3,4,16,46,60,2,171,60,1,29,2,2,7,4,2,1,2,3,16,3,2,4,2,2,6,7
17-06-2023,2,3,4,52,33,48,2,160,48,2,27,6,3,7,1,2,2,3,2,15,1,2,2,2,3,6,2
17-06-2023,2,3,4,12,36,40,3,200,40,3,33,5,3,6,5,3,2,2,3,16,2,2,2,3,2,6,1
19-06-2023,5,4,5,31,32,85,2,163,85,3,29,7,1,2,3,2,2,1,3,28,1,2,1,3,3,8,6
19-06-2023,5,4,5,22,29,72,1,180,72,5,28,6,3,2,1,3,3,4,2,17,1,2,2,3,2,6,5
19-06-2023,5,4,5,51,30,60,1,171,60,7,28,6,1,7,4,2,3,1,2,26,1,3,3,2,2,6,3
19-06-2023,5,4,5,37,12,48,3,160,48,1,39,7,2,1,4,1,2,1,2,16,3,3,3,2,1,6,1
19-06-2023,5,4,5,59,74,40,1,200,40,5,33,12,2,7,2,3,3,1,1,17,3,2,1,3,1,6,1
22-06-2023,4,3,1,31,90,85,1,163,85,2,34,9,1,5,3,3,3,1,1,30,2,3,3,2,3,8,1
22-06-2023,4,3,1,22,18,72,1,180,72,4,25,5,1,7,2,1,3,2,1,20,2,2,3,2,1,6,7
22-06-2023,4,3,1,51,54,60,1,171,60,2,37,6,2,7,1,1,1,3,3,25,2,3,1,2,1,6,2
22-06-2023,4,3,1,37,8,48,1,160,48,4,24,14,3,3,4,1,3,1,2,24,1,3,2,2,1,6,6
22-06-2023,4,3,1,59,101,40,2,200,40,1,38,3,3,1,5,1,2,2,2,30,3,3,4,2,3,6,1
24-06-2023,3,2,3,42,93,92,3,167,92,3,30,8,2,2,4,3,3,2,1,24,3,3,4,2,1,7,3
24-06-2023,3,2,3,24,18,78,3,173,78,1,27,10,1,7,4,2,1,3,3,22,3,2,1,3,3,6,7
24-06-2023,3,2,3,17,33,60,1,171,60,3,24,12,1,6,5,3,1,2,1,24,2,2,1,2,1,6,3
24-06-2023,3,2,3,41,36,52,2,173,52,1,23,9,2,4,4,3,1,2,3,15,1,2,4,2,3,5,5
24-06-2023,3,2,3,32,28,44,3,176,44,5,40,11,2,7,4,3,3,4,2,24,3,3,3,3,1,6,4
17-06-2023,1,1,4,18,29,88,1,176,88,5,35,12,1,2,1,2,1,1,1,23,1,2,1,2,1,7,1
17-06-2023,1,1,4,31,69,76,1,181,76,7,25,11,2,4,2,1,1,1,3,28,1,2,1,2,3,6,7
17-06-2023,1,1,4,48,30,58,2,176,58,3,23,12,3,7,1,2,2,3,3,17,1,3,3,3,2,6,3
17-06-2023,1,1,4,8,75,46,1,164,46,2,26,4,3,3,3,2,2,1,1,15,3,3,3,3,1,6,5
17-06-2023,1,1,4,7,12,42,1,191,42,1,38,10,2,3,5,2,3,1,1,15,1,3,3,2,3,6,2
19-06-2023,6,5,3,31,93,94,3,171,94,7,38,13,2,2,5,3,1,2,1,18,2,3,1,2,1,7,5
19-06-2023,6,5,3,22,15,76,1,169,76,1,39,5,1,3,5,3,2,4,1,28,1,3,3,3,2,6,1
19-06-2023,6,5,3,51,18,58,1,166,58,3,34,2,3,3,5,1,1,3,1,16,1,2,1,2,1,6,2
19-06-2023,6,5,3,37,36,44,3,147,44,5,26,6,1,4,2,3,1,3,3,20,1,3,3,3,2,6,3
19-06-2023,6,5,3,59,93,40,3,200,40,2,33,14,1,4,1,3,1,1,1,26,3,3,2,2,3,6,3
21-06-2023,2,3,2,45,21,90,2,180,90,6,25,8,2,6,2,2,2,1,3,27,1,2,1,2,3,7,5
21-06-2023,2,3,2,63,20,72,1,171,72,1,34,9,2,2,5,3,1,1,1,17,2,2,2,2,1,6,5
21-06-2023,2,3,2,32,25,60,1,171,60,7,24,7,1,4,4,1,3,2,1,20,1,2,2,3,3,5,7
21-06-2023,2,3,2,73,22,48,2,160,48,5,37,14,3,2,2,2,1,3,1,17,3,2,3,2,2,6,7
21-06-2023,2,3,2,33,20,40,1,182,40,7,28,15,3,5,2,1,2,1,3,25,2,3,4,2,1,6,1
23-06-2023,5,4,3,42,13,98,1,178,98,5,35,2,2,5,2,3,2,4,1,24,3,3,1,3,3,7,7
23-06-2023,5,4,3,24,36,80,3,178,80,1,36,9,2,4,2,2,3,3,2,30,1,3,2,3,1,6,2
23-06-2023,5,4,3,17,99,62,3,177,62,5,22,15,2,6,1,3,3,4,1,30,2,3,2,3,2,6,6
23-06-2023,5,4,3,41,30,54,1,180,54,2,22,11,3,1,4,2,3,4,1,17,1,2,2,2,2,5,6
23-06-2023,5,4,3,32,3,46,2,184,46,2,34,7,2,6,1,2,2,1,2,22,1,2,3,3,2,6,5
25-06-2023,4,3,1,18,90,86,2,172,86,6,26,9,2,6,3,2,2,4,3,22,2,3,4,2,3,7,3
25-06-2023,4,3,1,31,54,74,1,176,74,4,28,4,2,6,5,2,3,1,3,17,3,2,3,3,2,6,5
25-06-2023,4,3,1,48,8,56,2,170,56,5,29,13,3,3,1,2,1,4,2,22,2,3,1,2,3,6,7
25-06-2023,4,3,1,8,22,42,3,150,42,7,38,8,2,4,3,2,1,1,3,18,1,2,3,3,2,6,4
25-06-2023,4,3,1,7,54,38,1,173,38,6,31,13,3,1,5,3,3,1,2,28,3,2,1,3,2,6,2
27-06-2023,3,2,5,42,19,94,3,171,94,5,25,2,1,1,2,1,3,4,1,23,3,2,2,3,1,7,2
27-06-2023,3,2,5,24,15,78,1,173,78,5,35,5,1,4,4,3,3,3,2,22,3,2,4,2,1,6,7
27-06-2023,3,2,5,17,89,60,2,171,60,4,32,11,1,5,4,3,2,1,1,23,1,2,4,2,1,6,6
27-06-2023,3,2,5,41,66,52,3,173,52,6,34,7,2,2,1,3,2,1,2,22,3,2,1,2,2,5,2
27-06-2023,3,2,5,32,19,44,3,176,44,2,22,10,1,6,1,3,2,2,2,28,2,3,3,2,3,6,6
29-06-2023,6,5,4,31,29,90,2,180,90,1,36,13,3,3,2,1,1,3,2,25,2,3,3,2,1,7,7
29-06-2023,6,5,4,22,30,74,1,176,74,7,34,4,3,4,3,3,2,1,2,15,3,2,1,3,1,6,6
29-06-2023,6,5,4,51,75,56,2,170,56,7,39,10,1,4,2,1,1,4,1,26,3,2,4,2,2,6,4
29-06-2023,6,5,4,37,69,42,2,140,42,2,35,5,1,7,5,2,1,2,1,18,2,2,1,3,1,6,6
29-06-2023,6,5,4,59,12,38,3,173,38,6,27,3,3,3,2,1,3,4,2,22,2,3,4,2,2,6,6
01-07-2023,2,3,3,45,3,92,3,184,92,2,25,8,1,2,2,1,2,4,2,17,2,3,1,3,2,7,5
01-07-2023,2,3,3,63,36,76,3,181,76,6,24,10,3,3,5,2,1,2,3,20,2,3,3,2,3,6,4
01-07-2023,2,3,3,32,5,58,1,166,58,7,29,4,3,2,5,3,1,2,3,29,1,2,4,2,1,5,1
01-07-2023,2,3,3,73,99,46,1,153,46,6,34,8,2,6,3,2,1,2,2,17,3,2,3,2,3,6,4
01-07-2023,2,3,3,33,96,42,1,191,42,6,28,10,2,1,5,2,1,2,1,15,2,2,4,2,1,6,5
03-07-2023,5,4,1,18,90,88,1,176,88,4,30,2,2,5,3,1,1,3,2,15,1,3,2,2,3,7,5
03-07-2023,5,4,1,31,54,72,1,171,72,4,24,2,2,7,1,2,3,3,1,21,2,3,2,2,2,6,2
03-07-2023,5,4,1,48,8,54,3,164,54,6,38,15,3,1,5,3,1,3,3,28,3,3,4,2,1,6,7
03-07-2023,5,4,1,8,22,40,1,143,40,6,28,11,1,7,1,2,3,3,1,24,2,3,2,2,2,6,1
03-07-2023,5,4,1,7,54,36,1,164,36,5,35,14,3,6,1,1,1,2,2,15,1,2,1,2,2,6,2
05-07-2023,4,3,2,42,25,96,1,175,96,6,27,14,1,6,5,3,2,2,1,26,3,3,2,2,1,7,1
05-07-2023,4,3,2,24,20,80,1,178,80,7,37,12,1,4,2,3,2,4,3,18,2,3,4,3,1,6,4
05-07-2023,4,3,2,17,33,62,2,177,62,7,32,4,1,6,4,2,2,2,2,22,1,2,1,2,3,6,5
05-07-2023,4,3,2,41,30,54,1,180,54,3,35,14,2,4,3,3,2,4,2,21,2,3,4,3,1,5,7
05-07-2023,4,3,2,32,99,46,2,184,46,1,39,10,3,5,3,2,3,1,1,27,2,3,2,2,2,6,2
27-06-2023,1,1,3,31,90,85,2,163,85,4,27,6,3,4,3,1,1,4,3,20,3,2,4,2,1,8,4
27-06-2023,1,1,3,22,18,72,2,180,72,2,36,3,2,4,5,2,3,1,1,23,3,2,2,3,1,6,4
27-06-2023,1,1,3,51,54,60,1,171,60,4,36,4,2,3,3,2,2,3,2,17,3,2,2,2,2,6,6
27-06-2023,1,1,3,37,8,48,1,160,48,5,40,14,2,6,2,3,2,3,1,24,2,3,2,3,1,6,7
27-06-2023,1,1,3,59,101,40,2,200,40,6,32,6,2,3,3,2,2,4,3,26,2,2,4,2,1,6,2
29-06-2023,2,3,2,42,93,92,1,167,92,7,29,8,1,1,1,2,2,1,1,15,1,3,3,2,2,7,3
29-06-2023,2,3,2,24,18,78,1,173,78,2,28,13,3,2,1,1,3,4,2,22,1,2,1,3,2,6,2
29-06-2023,2,3,2,17,33,60,2,171,60,7,40,9,3,7,3,3,3,2,1,23,1,2,2,3,2,6,1
29-06-2023,2,3,2,41,36,52,2,173,52,7,26,14,1,3,3,1,2,4,3,23,1,2,4,3,3,5,5
29-06-2023,2,3,2,32,28,44,2,176,44,7,36,11,1,5,3,1,3,3,2,26,1,3,3,3,3,6,3
01-07-2023,5,4,5,31,32,85,1,163,85,5,40,13,2,5,2,1,1,3,3,25,2,2,4,2,3,8,1
01-07-2023,5,4,5,22,29,72,3,180,72,6,36,3,1,6,3,3,2,3,3,19,3,2,3,3,1,6,2
01-07-2023,5,4,5,51,30,60,3,171,60,7,25,7,3,1,5,3,3,2,1,22,2,2,4,2,1,6,4
01-07-2023,5,4,5,37,12,48,1,160,48,3,40,13,3,6,5,1,2,4,3,15,2,2,3,3,3,6,7
01-07-2023,5,4,5,59,74,40,2,200,40,6,26,12,1,2,1,1,2,2,3,23,3,3,3,2,3,6,8
03-07-2023,4,3,3,42,93,92,2,167,92,3,40,15,2,7,2,1,1,4,2,27,3,2,2,3,3,7,6
03-07-2023,4,3,3,24,18,78,2,173,78,7,23,4,3,2,4,2,2,1,2,19,1,3,2,2,1,6,7
03-07-2023,4,3,3,17,33,60,1,171,60,1,22,14,3,6,5,1,2,4,2,21,3,2,3,2,3,6,8
03-07-2023,4,3,3,41,36,52,3,173,52,2,37,15,2,7,3,1,2,2,2,23,1,3,1,3,1,5,6
03-07-2023,4,3,3,32,28,44,2,176,44,7,40,4,2,7,3,3,1,2,1,18,2,2,2,2,3,6,5
07-07-2023,3,2,3,42,93,92,1,167,92,3,32,7,1,4,2,2,2,1,2,21,1,3,4,2,3,7,9
07-07-2023,3,2,3,24,15,78,1,173,78,4,39,6,1,4,4,1,3,4,1,21,2,2,2,3,2,6,9
07-07-2023,3,2,3,17,33,60,3,171,60,3,39,11,2,6,1,1,2,2,2,30,2,3,4,3,2,6,9
07-07-2023,3,2,3,41,36,52,3,173,52,6,37,11,2,7,3,2,3,2,3,25,1,3,3,2,2,5,5
07-07-2023,3,2,3,32,93,44,2,176,44,6,26,3,1,6,5,1,3,1,2,18,2,2,2,3,1,6,6
09-07-2023,6,5,2,31,21,98,2,178,98,2,25,13,3,2,4,2,1,1,3,24,2,2,2,2,2,7,7
09-07-2023,6,5,2,22,22,82,2,182,82,2,22,4,3,1,5,1,1,1,1,30,1,2,2,3,3,6,7
09-07-2023,6,5,2,51,99,64,3,183,64,4,30,12,2,6,4,1,3,2,1,17,2,3,3,2,3,6,5
09-07-2023,6,5,2,37,20,50,2,167,50,1,36,7,1,5,5,1,2,3,2,26,1,3,3,2,1,6,6
09-07-2023,6,5,2,59,21,42,3,191,42,7,29,7,3,4,4,3,2,1,3,27,1,2,1,2,3,6,5
11-07-2023,2,3,1,18,90,86,2,172,86,5,23,5,2,5,2,1,2,3,3,28,3,3,1,3,2,7,9
11-07-2023,2,3,1,31,18,70,3,167,70,1,25,8,3,5,3,1,2,3,3,19,1,3,4,3,3,6,5
11-07-2023,2,3,1,48,54,52,1,158,52,1,38,2,3,1,2,1,2,1,1,24,3,2,3,2,1,6,7
11-07-2023,2,3,1,8,28,38,3,136,38,5,23,3,2,1,5,1,1,3,3,21,3,3,4,2,3,6,6
11-07-2023,2,3,1,7,90,34,1,155,34,7,23,13,1,4,1,1,1,3,2,22,1,3,1,2,3,6,9
13-07-2023,5,4,5,31,30,94,1,171,94,7,37,15,3,5,2,2,3,1,1,27,1,3,1,3,2,7,9
13-07-2023,5,4,5,22,29,78,1,173,78,6,24,15,2,6,4,2,1,4,1,30,1,2,3,2,1,6,5
13-07-2023,5,4,5,51,75,60,2,171,60,5,40,8,1,1,3,2,3,3,3,16,3,3,3,3,2,6,8
13-07-2023,5,4,5,37,69,48,3,160,48,6,36,15,2,1,2,1,3,1,3,15,2,3,1,3,3,6,8
13-07-2023,5,4,5,59,12,42,1,210,42,4,23,13,3,7,2,3,1,3,1,30,3,2,4,3,1,6,5
15-07-2023,4,3,3,45,70,90,3,180,90,2,39,3,2,3,2,3,3,4,1,29,1,2,1,3,1,7,7
15-07-2023,4,3,3,63,15,74,3,176,74,1,36,15,3,1,4,1,1,2,2,20,3,3,1,2,3,6,5
15-07-2023,4,3,3,32,93,58,2,166,58,5,24,10,2,3,5,3,3,1,2,16,1,2,3,2,3,5,7
15-07-2023,4,3,3,73,33,46,3,153,46,2,23,14,3,3,3,3,2,2,3,30,2,2,1,2,3,6,9
15-07-2023,4,3,3,33,36,42,3,191,42,3,34,7,2,4,2,3,3,4,3,15,3,3,4,3,2,6,5
05-07-2023,3,2,4,77,93,92,1,167,92,1,34,14,3,3,5,1,1,1,1,16,3,3,2,2,3,7,8
05-07-2023,3,2,4,27,18,78,1,173,78,5,38,9,2,1,4,1,1,3,1,22,3,3,2,2,3,6,6
05-07-2023,3,2,4,16,46,60,1,171,60,6,30,5,1,2,4,1,3,2,2,22,3,2,3,3,1,6,8
05-07-2023,3,2,4,52,33,48,1,160,48,7,25,4,3,4,3,3,1,1,1,17,2,2,3,2,3,6,5
05-07-2023,3,2,4,12,36,40,3,200,40,4,34,3,2,6,4,1,2,1,3,24,3,2,3,2,2,6,6
07-07-2023,1,1,5,31,32,85,1,163,85,6,28,9,3,1,5,3,2,2,3,30,2,2,1,2,1,8,9
07-07-2023,1,1,5,22,29,72,2,180,72,7,33,14,2,4,4,3,2,2,2,24,1,3,3,2,1,6,5
07-07-2023,1,1,5,51,30,60,2,171,60,1,34,7,1,4,4,3,1,3,1,29,3,3,1,2,1,6,6
07-07-2023,1,1,5,37,12,48,2,160,48,3,35,10,2,1,5,3,1,3,1,29,3,3,4,2,2,6,8
07-07-2023,1,1,5,59,74,40,2,200,40,3,26,13,1,7,3,2,2,3,2,19,1,3,4,2,1,6,9
09-07-2023,2,3,3,18,93,92,3,167,92,1,34,8,1,3,1,3,2,2,3,26,2,3,2,3,3,7,8
09-07-2023,2,3,3,5,18,78,3,173,78,5,34,13,1,2,4,1,2,2,1,17,3,3,1,2,2,6,8
09-07-2023,2,3,3,17,33,60,1,171,60,3,30,2,3,2,1,3,2,4,2,19,1,3,1,3,2,6,9
09-07-2023,2,3,3,32,28,48,1,160,48,3,32,4,1,5,3,2,1,2,1,27,2,3,2,3,1,6,8
09-07-2023,2,3,3,1,93,40,3,200,40,4,30,4,3,4,2,1,2,2,2,15,1,3,3,2,2,6,5
17-07-2023,3,2,3,42,36,96,2,175,96,6,39,5,2,5,3,3,3,4,1,26,3,2,1,2,1,7,6
17-07-2023,3,2,3,24,3,80,3,178,80,3,38,4,2,4,3,2,1,1,3,27,2,2,1,2,1,6,6
17-07-2023,3,2,3,17,96,62,1,177,62,1,22,15,2,7,4,3,1,3,1,26,1,3,4,2,2,6,5
17-07-2023,3,2,3,41,5,54,2,180,54,6,40,3,1,6,4,1,1,2,1,30,3,3,1,2,1,5,9
17-07-2023,3,2,3,32,13,46,3,184,46,7,37,11,3,1,3,1,3,1,2,29,3,3,2,3,2,6,7
19-07-2023,6,5,4,31,30,92,2,184,92,1,34,9,3,5,3,2,2,3,1,15,1,3,2,3,3,7,8
19-07-2023,6,5,4,22,12,78,2,173,78,2,30,13,1,4,2,2,1,3,2,21,3,3,4,2,3,6,9
19-07-2023,6,5,4,51,29,60,2,171,60,4,28,7,2,4,5,3,3,4,3,21,3,2,4,3,3,6,8
19-07-2023,6,5,4,37,69,48,3,160,48,6,40,7,1,6,1,1,3,1,2,28,2,3,2,3,3,6,6
19-07-2023,6,5,4,59,30,42,1,210,42,5,30,9,2,5,4,1,3,2,2,15,1,3,3,3,2,6,7
21-07-2023,2,3,1,18,70,88,3,176,88,3,35,4,3,6,2,2,1,4,1,22,3,2,2,3,3,7,8
21-07-2023,2,3,1,31,33,72,3,171,72,7,29,10,2,2,2,1,2,4,3,24,1,3,3,3,3,6,7
21-07-2023,2,3,1,48,93,54,1,164,54,5,36,13,3,5,3,3,3,1,1,30,3,2,3,3,2,6,7
21-07-2023,2,3,1,8,36,40,1,143,40,3,37,14,2,1,5,1,1,4,3,19,3,2,3,3,2,6,9
21-07-2023,2,3,1,7,70,36,3,164,36,5,36,10,3,1,4,2,2,4,3,24,3,2,4,2,1,6,8
23-07-2023,5,4,2,42,30,94,2,171,94,2,29,11,2,1,4,2,2,1,1,30,2,2,3,3,1,7,7
23-07-2023,5,4,2,24,12,78,2,173,78,5,25,5,1,3,5,1,1,2,1,25,2,3,4,2,2,6,7
23-07-2023,5,4,2,17,69,60,2,171,60,6,36,4,3,1,1,2,2,2,3,28,1,3,3,3,3,6,8
23-07-2023,5,4,2,41,29,52,2,173,52,7,38,10,1,1,2,2,3,2,1,26,1,2,3,2,1,5,9
23-07-2023,5,4,2,32,30,44,2,176,44,6,37,8,2,3,4,3,2,3,3,29,3,3,3,3,3,6,8
25-07-2023,4,3,5,31,66,90,3,180,90,7,26,7,1,6,2,2,2,1,2,29,3,2,3,2,3,7,7
25-07-2023,4,3,5,22,19,76,2,169,76,6,38,6,2,3,2,2,2,2,1,18,1,3,1,3,1,6,6
25-07-2023,4,3,5,51,15,58,3,166,58,2,34,2,2,4,4,1,1,1,1,15,2,3,2,2,3,6,8
25-07-2023,4,3,5,37,5,46,3,153,46,2,30,15,1,5,5,3,1,2,1,22,1,2,4,3,1,6,6
25-07-2023,4,3,5,59,33,40,2,200,40,2,39,11,1,1,4,2,2,4,2,19,2,2,2,3,2,6,9
11-07-2023,5,4,1,31,32,85,2,163,85,1,24,6,1,3,2,2,1,1,1,20,1,2,4,2,2,8,9
11-07-2023,5,4,1,22,29,72,3,180,72,2,38,9,1,1,5,1,1,3,2,15,2,2,2,2,3,6,7
11-07-2023,5,4,1,51,30,60,2,171,60,1,25,11,3,6,4,3,3,3,1,20,2,2,2,2,1,6,9
11-07-2023,5,4,1,37,12,48,3,160,48,2,29,10,2,3,1,3,1,2,2,26,3,2,2,3,2,6,6
11-07-2023,5,4,1,59,74,40,2,200,40,3,37,9,1,1,4,1,1,3,3,15,1,3,1,3,1,6,5
13-07-2023,4,3,5,31,32,85,3,163,85,1,31,14,2,7,1,2,1,4,1,27,2,2,3,2,3,8,5
13-07-2023,4,3,5,22,29,72,1,180,72,1,32,14,2,2,4,3,2,3,2,15,3,2,3,2,2,6,9
13-07-2023,4,3,5,51,30,60,3,171,60,6,40,15,2,2,3,1,3,1,3,28,3,3,3,3,2,6,6
13-07-2023,4,3,5,37,12,48,2,160,48,5,24,6,1,7,1,2,2,4,2,22,1,2,1,3,2,6,8
13-07-2023,4,3,5,59,74,40,3,200,40,5,35,12,2,6,5,1,2,1,2,17,1,2,1,3,1,6,7
15-07-2023,1,1,3,42,93,92,2,167,92,4,30,14,3,3,2,1,1,4,1,20,3,2,1,2,2,7,8
15-07-2023,1,1,3,24,18,78,3,173,78,4,29,5,1,2,1,2,3,4,1,30,1,2,2,2,3,6,5
15-07-2023,1,1,3,17,33,60,3,171,60,6,35,2,2,7,2,2,3,1,1,23,1,2,1,2,3,6,7
15-07-2023,1,1,3,41,36,52,3,173,52,3,40,14,2,6,3,3,2,2,2,30,2,3,3,2,1,5,7
15-07-2023,1,1,3,32,28,44,1,176,44,4,30,3,3,5,2,1,2,3,2,29,1,2,2,2,1,6,8
27-07-2023,3,2,3,42,93,96,3,175,96,6,38,10,3,2,3,2,3,2,2,22,3,2,3,2,1,7,9
27-07-2023,3,2,3,24,15,80,1,178,80,6,30,14,1,1,5,3,3,1,3,28,2,3,1,2,3,6,8
27-07-2023,3,2,3,17,33,62,3,177,62,6,25,14,1,5,1,2,2,4,2,16,1,3,2,2,1,6,8
27-07-2023,3,2,3,41,36,54,3,180,54,4,29,6,3,6,4,3,3,4,3,19,3,2,4,3,3,5,7
27-07-2023,3,2,3,32,93,46,3,184,46,6,33,14,2,5,3,2,2,2,2,28,1,2,1,2,3,6,9
29-07-2023,6,5,2,31,21,92,1,167,92,5,25,12,2,3,5,2,3,2,2,24,2,2,2,3,1,7,8
29-07-2023,6,5,2,22,22,78,3,173,78,1,29,2,2,2,5,2,1,3,3,18,3,2,2,2,2,6,8
29-07-2023,6,5,2,51,99,60,1,171,60,1,32,2,1,2,4,2,3,3,2,17,2,2,3,2,2,6,8
29-07-2023,6,5,2,37,20,48,1,160,48,7,31,12,1,7,5,2,3,3,1,18,3,2,1,3,3,6,7
29-07-2023,6,5,2,59,21,42,2,191,42,7,25,5,1,7,2,3,2,1,3,28,3,3,2,2,2,6,6
31-07-2023,2,3,1,18,90,88,2,176,88,6,35,2,2,6,5,2,3,3,3,20,3,2,1,2,2,7,8
31-07-2023,2,3,1,31,54,72,2,171,72,6,32,15,3,7,1,2,1,3,1,17,1,2,4,2,2,6,7
31-07-2023,2,3,1,48,8,54,1,164,54,2,26,7,3,6,2,3,2,4,3,28,2,3,2,3,3,6,6
31-07-2023,2,3,1,8,90,40,2,143,40,2,37,11,1,4,3,3,1,4,2,17,3,2,4,3,1,6,9
31-07-2023,2,3,1,7,54,36,2,164,36,6,26,13,1,1,4,2,3,1,3,25,3,3,1,3,3,6,5
02-08-2023,5,4,5,31,30,94,3,171,94,1,28,11,3,7,5,1,1,3,1,16,1,3,2,3,3,7,5
02-08-2023,5,4,5,22,12,78,2,173,78,7,26,7,2,6,4,1,3,2,1,29,3,3,3,2,3,6,7
02-08-2023,5,4,5,51,29,60,1,171,60,1,32,8,3,3,5,1,2,2,3,16,3,3,4,3,1,6,6
02-08-2023,5,4,5,37,69,48,3,160,48,1,23,11,3,1,3,3,1,3,1,30,2,2,4,3,2,6,7
02-08-2023,5,4,5,59,30,42,1,210,42,3,28,7,2,1,4,3,3,1,1,25,2,3,3,2,2,6,7
04-08-2023,4,3,3,45,70,90,1,180,90,2,31,15,3,5,2,3,2,1,2,21,1,2,1,3,2,7,5
04-08-2023,4,3,3,63,15,74,1,176,74,3,27,11,1,4,3,3,2,3,2,19,1,2,1,2,3,6,9
04-08-2023,4,3,3,32,93,58,3,166,58,6,29,4,1,5,1,1,1,1,3,21,1,2,1,2,3,5,5
04-08-2023,4,3,3,73,33,46,3,153,46,5,34,3,3,1,1,1,1,3,3,25,3,2,2,3,3,6,5
04-08-2023,4,3,3,33,36,42,3,191,42,6,28,5,1,7,3,1,3,2,1,26,3,3,1,2,3,6,7
06-08-2023,3,2,1,18,90,88,2,176,88,6,39,15,2,2,3,2,2,1,2,25,3,3,2,2,3,7,7
06-08-2023,3,2,1,31,54,72,3,171,72,1,26,12,3,5,3,3,1,4,1,17,2,2,1,3,3,6,8
06-08-2023,3,2,1,48,8,54,2,164,54,6,30,5,2,2,3,3,3,1,2,15,2,3,1,2,3,6,8
06-08-2023,3,2,1,8,90,40,3,143,40,2,29,4,3,1,2,2,3,2,2,21,3,3,2,3,3,6,6
06-08-2023,3,2,1,7,54,36,2,164,36,3,35,7,1,6,4,2,1,4,2,22,2,3,3,2,1,6,8
17-07-2023,2,3,4,77,93,92,2,167,92,2,37,9,3,1,3,3,3,2,2,16,1,3,3,2,2,7,5
17-07-2023,2,3,4,27,18,78,2,173,78,3,32,3,2,4,5,1,2,1,1,29,1,3,2,2,2,6,7
17-07-2023,2,3,4,16,46,60,2,171,60,2,39,9,3,5,5,2,1,1,3,23,1,3,4,2,2,6,6
17-07-2023,2,3,4,52,33,48,2,160,48,4,23,4,2,5,2,3,3,3,1,17,2,2,2,3,1,6,9
17-07-2023,2,3,4,12,36,40,2,200,40,5,33,12,3,6,2,2,3,2,3,22,3,2,1,2,1,6,7
19-07-2023,5,4,1,31,32,85,1,163,85,3,32,12,1,6,4,1,2,2,2,26,3,2,1,2,3,8,6
19-07-2023,5,4,1,22,29,72,1,180,72,7,31,4,3,2,3,2,1,3,1,29,1,2,4,2,3,6,9
19-07-2023,5,4,1,51,30,60,3,171,60,3,39,7,3,3,4,1,2,4,2,24,3,3,1,2,2,6,5
19-07-2023,5,4,1,37,12,48,3,160,48,7,29,12,1,5,3,1,1,4,3,15,3,3,2,2,1,6,8
19-07-2023,5,4,1,59,74,40,3,200,40,6,31,12,1,7,3,2,3,3,1,29,1,2,3,2,1,6,5
21-07-2023,4,3,5,31,32,85,3,163,85,7,24,5,3,3,1,2,2,4,1,28,1,3,4,2,1,8,5
21-07-2023,4,3,5,22,29,72,2,180,72,7,36,4,3,2,4,2,2,4,2,20,2,3,4,2,1,6,8
21-07-2023,4,3,5,51,30,60,2,171,60,5,32,15,2,1,4,2,1,4,1,29,1,2,1,2,1,6,6
21-07-2023,4,3,5,37,12,48,3,160,48,5,37,13,1,2,1,1,2,4,1,26,3,3,3,2,2,6,5
21-07-2023,4,3,5,59,74,40,1,200,40,6,31,14,2,5,5,2,1,2,1,29,1,3,2,3,1,6,6
23-07-2023,1,1,3,42,93,92,3,167,92,2,26,7,2,2,4,2,2,3,3,20,1,2,1,2,1,7,8
23-07-2023,1,1,3,24,18,78,1,173,78,1,35,15,1,1,5,2,1,1,1,19,2,3,1,3,3,6,6
23-07-2023,1,1,3,17,33,60,3,171,60,3,32,11,2,3,4,2,2,2,2,19,1,2,1,2,2,6,5
23-07-2023,1,1,3,41,36,52,2,173,52,6,28,8,3,1,5,1,3,2,1,22,1,3,3,2,2,5,9
23-07-2023,1,1,3,32,28,44,3,176,44,7,22,7,1,1,5,2,2,1,3,18,2,2,2,2,1,6,8
25-07-2023,3,2,4,77,93,92,1,167,92,2,38,15,2,6,4,2,1,2,3,28,3,2,3,3,2,7,6
25-07-2023,3,2,4,27,18,78,2,173,78,3,22,3,3,5,5,1,3,1,2,25,1,3,3,3,2,6,5
25-07-2023,3,2,4,16,46,60,1,171,60,2,36,13,2,3,3,2,3,3,3,22,2,2,4,3,3,6,5
25-07-2023,3,2,4,52,33,48,3,160,48,4,33,11,1,5,2,3,3,3,1,28,1,3,2,3,3,6,7
25-07-2023,3,2,4,12,36,40,2,200,40,3,34,6,3,3,2,1,2,4,2,22,3,2,1,3,2,6,6
27-07-2023,5,4,1,31,32,85,3,163,85,5,39,8,1,2,5,3,3,3,2,20,1,3,3,3,2,8,8
27-07-2023,5,4,1,22,29,72,2,180,72,6,37,4,2,4,3,1,3,2,1,28,3,3,1,3,3,6,7
27-07-2023,5,4,1,51,30,60,1,171,60,7,30,5,3,5,3,2,1,4,2,28,2,3,3,2,1,6,8
27-07-2023,5,4,1,37,12,48,2,160,48,6,39,4,1,2,5,3,2,2,2,26,3,3,1,3,1,6,5
27-07-2023,5,4,1,59,74,40,3,200,40,6,29,14,3,4,1,3,2,2,2,17,1,2,4,2,3,6,8
15-04-2023,1,1,4,77,69,84,1,168,84,1,35,15,2,1,2,2,2,2,3,27,3,2,2,3,3,7,7
15-04-2023,1,1,4,12,8,68,2,243,68,6,39,13,1,2,2,2,1,1,2,18,2,2,1,2,1,9,5
15-04-2023,1,1,4,19,90,49,3,163,49,7,26,14,2,4,2,3,1,2,2,23,1,3,2,2,2,6,8
15-04-2023,1,1,4,27,54,73,1,183,73,2,28,14,1,4,1,1,1,4,3,17,2,2,3,3,3,6,8
15-04-2023,1,1,4,16,19,59,2,184,59,4,33,15,1,3,4,2,2,1,1,27,2,2,2,2,3,6,7
19-04-2023,3,2,3,24,36,88,2,160,88,3,40,7,2,1,1,1,3,4,1,17,2,3,4,2,2,7,6
19-04-2023,3,2,3,42,3,72,2,160,72,4,39,13,1,7,1,1,1,4,3,17,3,3,3,2,2,5,9
19-04-2023,3,2,3,17,18,57,3,190,57,7,35,3,1,5,5,1,3,2,2,30,1,3,1,2,3,8,6
19-04-2023,3,2,3,14,12,45,3,180,45,6,32,14,2,6,4,2,3,1,3,17,3,3,4,3,3,6,8
19-04-2023,3,2,3,5,32,63,3,166,63,6,38,14,2,7,3,2,2,2,3,25,3,2,1,2,1,9,5
22-04-2023,2,3,4,27,93,84,2,168,84,3,32,11,1,7,1,3,3,1,2,18,2,3,3,2,3,7,7
22-04-2023,2,3,4,12,18,68,1,243,68,4,23,14,3,5,1,1,2,1,3,16,2,2,3,2,3,6,9
22-04-2023,2,3,4,19,93,49,1,163,49,1,30,10,3,2,1,2,1,1,3,24,3,3,1,3,1,6,8
22-04-2023,2,3,4,27,54,73,3,183,73,5,23,4,3,1,4,3,3,4,3,30,2,3,3,3,2,6,8
22-04-2023,2,3,4,16,93,59,3,184,59,3,34,9,2,4,1,3,1,4,2,28,1,2,1,2,3,6,7
22-04-2023,2,3,4,27,54,79,3,158,79,6,37,3,3,6,3,1,2,4,3,26,3,2,2,2,1,7,6
22-04-2023,2,3,4,12,18,68,2,243,68,3,22,14,2,1,1,3,2,2,2,21,3,2,3,2,1,6,9
22-04-2023,2,3,4,19,93,49,3,163,49,6,27,3,1,3,3,2,1,1,1,20,1,2,1,3,1,6,6
04-08-2023,4,3,3,41,70,38,3,136,38,4,28,7,1,6,1,2,3,4,1,28,2,2,2,2,1,6,8
06-08-2023,3,2,4,42,30,98,1,178,98,5,37,7,2,5,3,1,1,2,3,21,3,3,4,3,3,7,9
06-08-2023,3,2,4,24,69,82,3,182,82,4,25,11,3,7,1,1,1,3,1,20,2,3,2,2,2,6,8
06-08-2023,3,2,4,17,12,64,1,183,64,3,30,11,2,1,1,1,2,3,3,29,3,3,2,3,1,6,9
06-08-2023,3,2,4,41,29,56,1,187,56,6,35,14,2,7,3,3,3,4,2,29,3,3,2,2,3,5,6
06-08-2023,3,2,4,32,30,48,3,192,48,2,32,14,1,2,4,3,2,2,2,25,1,2,3,3,1,6,6
08-08-2023,6,5,1,31,90,94,1,171,94,6,34,4,3,3,5,3,2,3,3,22,1,2,2,3,3,7,5
08-08-2023,6,5,1,22,54,78,2,173,78,3,31,9,2,7,1,2,1,4,3,24,3,2,2,3,3,6,6
08-08-2023,6,5,1,51,8,60,1,171,60,3,36,9,3,5,5,1,2,4,1,21,3,2,3,3,3,6,5
08-08-2023,6,5,1,37,90,48,2,160,48,1,32,8,3,1,5,2,3,1,1,24,2,3,4,2,1,6,6
08-08-2023,6,5,1,59,8,40,1,200,40,3,27,15,2,6,3,2,3,3,1,23,1,3,4,3,2,6,9
10-08-2023,2,3,3,45,36,92,2,177,92,3,34,7,3,3,1,2,2,1,3,24,2,3,4,2,3,7,7
10-08-2023,2,3,3,63,3,78,2,173,78,5,29,12,3,3,2,3,3,1,2,19,2,3,4,3,1,6,8
10-08-2023,2,3,3,32,36,62,1,177,62,4,22,4,3,6,2,2,1,3,2,19,3,2,1,2,3,6,9
10-08-2023,2,3,3,73,99,50,1,167,50,3,26,3,2,4,1,3,2,2,2,20,2,3,4,2,3,6,8
10-08-2023,2,3,3,33,60,44,3,176,44,6,29,14,3,4,2,1,1,3,1,20,3,2,3,3,3,6,7
12-08-2023,5,4,2,42,69,96,2,175,96,1,31,5,3,3,4,1,3,1,2,24,3,3,3,3,3,7,7
12-08-2023,5,4,2,24,99,80,2,178,80,1,34,10,2,3,2,2,2,4,1,27,3,3,4,3,2,6,8
12-08-2023,5,4,2,17,22,62,2,177,62,4,33,6,3,2,4,2,1,4,3,24,1,3,3,2,1,6,7
12-08-2023,5,4,2,41,30,54,1,180,54,1,22,5,2,4,2,3,3,1,3,19,2,3,1,2,1,5,8
12-08-2023,5,4,2,32,12,48,3,192,48,3,33,14,1,1,1,3,3,1,3,26,1,3,2,3,1,6,7
14-08-2023,4,3,5,31,19,98,3,178,98,5,32,3,3,3,2,2,3,2,3,30,1,2,1,2,2,7,7
14-08-2023,4,3,5,22,15,82,2,182,82,6,38,3,3,7,2,1,1,2,3,18,1,2,1,2,2,6,9
14-08-2023,4,3,5,51,5,64,3,183,64,6,26,13,2,1,3,2,3,4,3,25,2,3,2,2,1,6,7
14-08-2023,4,3,5,37,33,50,1,167,50,4,29,8,3,1,2,3,1,2,2,17,3,2,1,3,3,4,9
06-08-2023,3,2,4,42,30,92,2,167,92,7,33,15,3,3,4,2,2,4,2,29,1,3,2,3,2,7,7
06-08-2023,3,2,4,24,12,78,2,173,78,7,24,8,1,5,4,3,3,2,3,17,2,2,3,2,1,6,6
06-08-2023,3,2,4,17,69,60,3,171,60,7,22,6,1,5,2,3,1,1,2,26,2,3,4,2,3,6,9
06-08-2023,3,2,4,41,29,52,1,173,52,6,39,8,3,7,2,1,3,1,3,17,2,2,4,2,1,5,9
06-08-2023,3,2,4,32,30,44,1,176,44,5,39,10,2,5,3,2,2,1,3,26,1,3,2,3,3,6,5
08-08-2023,6,5,3,31,66,90,3,180,90,6,25,13,3,6,1,2,2,1,3,26,2,2,3,2,2,7,5
08-08-2023,6,5,3,22,19,76,1,169,76,5,32,8,2,4,4,3,3,2,2,23,2,3,4,2,3,6,7
08-08-2023,6,5,3,51,15,58,3,166,58,3,22,6,1,2,2,2,3,2,2,28,3,3,3,2,2,6,6
08-08-2023,6,5,3,37,5,46,3,153,46,7,27,2,2,6,3,1,2,2,3,19,3,2,2,3,2,6,8
08-08-2023,6,5,3,59,33,40,2,200,40,6,34,8,3,6,3,2,3,4,3,16,1,2,2,3,3,6,7
10-08-2023,2,3,2,42,93,94,3,171,94,7,38,7,3,4,5,2,3,4,2,19,2,2,4,2,1,7,9
10-08-2023,2,3,2,24,15,78,1,173,78,1,40,9,2,1,5,3,3,1,3,29,3,2,1,2,1,6,9
10-08-2023,2,3,2,17,33,62,2,177,62,1,32,14,1,7,2,2,2,4,2,20,2,2,2,2,3,6,8
10-08-2023,2,3,2,41,36,54,2,180,54,6,37,14,1,1,2,3,1,2,1,15,3,2,4,3,2,5,6
10-08-2023,2,3,2,32,93,46,2,184,46,4,27,2,1,6,1,2,3,1,3,26,3,2,2,2,2,6,7
12-08-2023,5,4,1,18,90,88,2,176,88,1,24,11,1,1,2,3,2,2,1,24,1,2,2,3,3,7,6
12-08-2023,5,4,1,31,54,72,1,171,72,4,25,4,1,5,1,2,1,2,3,30,3,3,4,3,3,6,9
12-08-2023,5,4,1,48,8,54,3,164,54,3,22,5,2,2,4,3,3,3,3,16,2,3,1,3,2,6,8
12-08-2023,5,4,1,8,90,40,2,143,40,1,23,13,2,2,5,3,1,3,2,23,2,2,2,2,3,6,7
12-08-2023,5,4,1,7,54,36,1,164,36,4,22,12,3,4,5,3,1,3,3,28,1,3,3,2,3,6,9
14-08-2023,4,3,5,31,66,90,2,180,90,3,24,7,1,4,3,1,2,1,1,20,3,3,4,3,1,7,6
14-08-2023,4,3,5,22,19,76,1,169,76,6,23,12,3,3,5,3,2,1,3,27,1,2,3,2,3,6,5
14-08-2023,4,3,5,51,15,58,1,166,58,7,31,2,1,6,2,2,1,1,2,16,1,2,1,2,2,6,8
14-08-2023,4,3,5,37,5,46,2,153,46,3,39,3,1,7,2,1,3,3,3,19,1,3,3,2,2,6,8
14-08-2023,4,3,5,59,33,40,1,200,40,3,25,6,3,6,1,2,3,3,2,25,2,2,2,2,2,6,8
27-07-2023,5,4,1,51,30,60,2,171,60,6,38,13,3,1,1,2,3,2,1,25,1,3,1,3,3,6,7
27-07-2023,5,4,1,37,12,48,3,160,48,3,35,9,3,6,4,3,3,2,1,25,1,3,4,2,1,6,9
27-07-2023,5,4,1,59,74,40,2,200,40,5,34,13,2,1,2,3,2,1,2,29,2,3,1,3,1,6,5
29-07-2023,4,3,5,31,32,85,1,163,85,1,34,10,3,4,3,1,1,4,2,28,3,3,4,2,2,8,5
29-07-2023,4,3,5,22,29,72,2,180,72,5,31,3,1,1,1,1,1,3,1,20,3,2,2,3,2,6,6
29-07-2023,4,3,5,51,30,60,3,171,60,6,22,8,1,6,3,2,3,2,1,27,3,3,2,2,1,6,8
29-07-2023,4,3,5,37,12,48,3,160,48,1,34,15,3,4,2,2,3,2,1,22,2,3,3,3,1,6,6
29-07-2023,4,3,5,59,74,40,1,200,40,5,23,10,3,7,1,2,1,1,1,18,1,2,4,3,3,6,9
31-07-2023,1,1,3,42,93,92,2,167,92,5,29,6,2,3,3,3,2,4,1,26,1,3,4,3,1,7,9
31-07-2023,1,1,3,24,18,78,2,173,78,4,34,3,2,4,2,2,3,4,1,24,1,3,3,2,2,6,7
31-07-2023,1,1,3,17,33,60,2,171,60,4,27,4,1,3,3,1,2,2,1,26,1,2,3,3,1,6,6
31-07-2023,1,1,3,41,36,52,3,173,52,7,30,13,3,7,3,2,2,2,2,20,2,2,2,3,3,5,8
06-08-2023,3,2,4,42,30,92,3,167,92,5,36,11,2,3,1,3,3,5,1,23,1,3,2,2,1,7,5
06-08-2023,3,2,4,24,12,78,2,173,78,2,32,11,1,5,5,3,3,3,1,27,2,2,2,2,3,6,8
06-08-2023,3,2,4,17,69,60,1,171,60,4,30,8,1,2,3,1,1,1,1,22,1,2,3,3,1,6,6
06-08-2023,3,2,4,41,29,52,1,173,52,7,29,8,3,1,5,3,3,3,3,28,3,3,4,2,2,5,6
06-08-2023,3,2,4,32,30,44,2,176,44,2,22,10,2,2,1,3,2,1,3,18,1,2,1,3,1,6,9
08-08-2023,6,5,3,31,66,90,2,180,90,5,39,13,3,7,1,1,3,1,1,18,3,2,4,2,2,7,5
08-08-2023,6,5,3,22,19,76,3,169,76,3,36,6,2,6,2,3,2,2,2,16,3,2,3,2,2,6,9
08-08-2023,6,5,3,51,15,58,2,166,58,2,31,7,1,5,3,1,3,1,3,19,2,2,4,2,3,6,9
08-08-2023,6,5,3,37,5,46,3,153,46,5,40,8,3,1,2,3,2,2,3,24,2,2,4,3,1,6,8
08-08-2023,6,5,3,59,33,40,2,200,40,4,33,15,1,5,3,3,1,3,1,17,3,3,4,3,3,6,8
10-08-2023,2,3,2,42,93,94,1,171,94,3,24,8,2,2,5,2,2,4,3,19,2,2,1,3,2,7,7
10-08-2023,2,3,2,24,15,78,3,173,78,5,25,10,2,7,4,3,3,5,1,24,1,2,4,3,3,6,5
10-08-2023,2,3,2,17,33,62,2,177,62,1,22,2,2,1,5,1,2,5,3,16,3,3,1,3,2,6,9
10-08-2023,2,3,2,41,36,54,3,180,54,3,37,6,3,1,3,1,1,4,2,30,3,3,4,3,3,5,9
10-08-2023,2,3,2,32,93,46,1,184,46,2,35,8,3,5,3,3,1,0,3,20,1,2,1,3,3,6,8
12-08-2023,5,4,1,18,90,88,2,176,88,4,29,2,3,3,5,3,3,5,3,25,2,2,3,3,1,7,5
12-08-2023,5,4,1,31,54,72,3,171,72,1,32,11,1,6,2,3,1,5,1,20,2,3,1,2,3,6,8
12-08-2023,5,4,1,48,8,54,1,164,54,6,25,12,2,1,4,3,3,0,2,30,1,3,4,2,2,6,8
12-08-2023,5,4,1,8,90,40,2,143,40,4,28,3,2,2,4,1,1,4,3,27,2,3,1,3,2,6,7
12-08-2023,5,4,1,7,54,36,1,164,36,1,23,8,1,6,4,3,1,4,3,21,2,3,2,3,2,6,7
14-08-2023,4,3,5,31,66,90,3,180,90,1,32,10,1,5,4,2,2,1,2,28,2,2,3,3,2,7,6
14-08-2023,4,3,5,22,19,76,1,169,76,6,25,8,3,7,2,3,3,1,3,23,3,2,1,2,2,6,9
14-08-2023,4,3,5,51,15,58,2,166,58,6,38,5,2,7,1,1,2,0,2,16,3,3,3,3,1,6,7
14-08-2023,4,3,5,37,5,46,1,153,46,2,33,5,1,6,5,2,2,2,2,25,2,2,2,2,1,6,9
14-08-2023,4,3,5,59,33,40,1,200,40,2,34,12,2,1,1,1,2,1,1,25,1,2,1,3,3,6,9
06-08-2023,3,2,1,42,90,96,2,175,96,7,37,5,1,1,5,3,1,2,2,15,1,3,3,2,1,7,6
06-08-2023,3,2,1,24,8,80,2,178,80,7,23,13,3,4,3,2,1,4,3,17,3,2,2,2,1,6,6
06-08-2023,3,2,1,17,54,62,2,177,62,7,39,5,1,3,4,2,2,3,2,28,1,3,2,2,3,6,7
06-08-2023,3,2,1,41,90,54,1,180,54,5,33,11,1,1,1,1,2,5,3,15,2,3,3,3,3,5,8
06-08-2023,3,2,1,32,54,46,2,184,46,4,33,3,1,7,3,3,3,1,2,16,3,3,3,3,3,6,8
08-08-2023,6,5,3,31,93,92,1,167,92,2,38,12,1,3,1,1,1,1,3,22,1,2,3,3,2,7,6
08-08-2023,6,5,3,22,15,78,3,173,78,3,34,13,3,3,5,3,3,3,3,20,3,3,4,2,2,6,5
08-08-2023,6,5,3,51,70,60,2,171,60,2,25,3,2,7,3,1,3,2,2,20,1,2,1,3,3,6,5
08-08-2023,6,5,3,37,33,48,2,160,48,5,40,10,2,4,2,3,2,3,2,25,2,2,2,3,2,6,5
08-08-2023,6,5,3,59,36,42,1,191,42,2,32,6,2,3,2,2,1,1,2,23,1,2,1,3,1,6,7
10-08-2023,2,3,4,45,30,90,2,180,90,3,27,4,3,6,1,3,1,3,2,25,1,3,1,2,2,7,9
10-08-2023,2,3,4,63,29,74,2,176,74,5,38,6,1,2,1,3,2,1,3,16,3,3,3,3,1,6,5
10-08-2023,2,3,4,32,69,58,3,166,58,5,40,2,3,7,2,1,1,3,1,28,3,3,2,2,2,5,8
10-08-2023,2,3,4,73,12,46,1,153,46,1,31,6,2,2,4,3,2,2,3,19,2,3,1,2,1,6,6
10-08-2023,2,3,4,33,32,42,1,191,42,5,37,15,2,6,4,1,1,2,3,16,2,2,4,2,2,6,5
12-08-2023,5,4,3,32,29,98,1,163,98,1,27,13,3,3,4,3,3,3,1,27,1,3,1,3,1,7,7
12-08-2023,5,4,3,103,69,80,3,167,80,1,38,4,1,5,3,3,1,1,2,20,1,2,1,3,2,6,7
12-08-2023,5,4,3,5,30,64,3,168,64,2,33,10,2,6,4,3,3,4,3,17,2,2,4,3,2,6,5
12-08-2023,5,4,3,18,29,56,1,175,56,5,25,8,3,6,2,2,1,1,1,15,1,3,2,2,3,5,9
12-08-2023,5,4,3,12,12,48,2,192,48,2,26,12,2,7,3,3,1,5,3,21,1,2,2,2,3,6,7
14-08-2023,4,3,2,42,22,96,1,175,96,3,39,6,3,6,3,2,1,4,3,25,1,3,3,2,2,7,9
14-08-2023,4,3,2,24,99,80,3,178,80,7,28,10,2,1,1,3,1,2,1,20,2,2,4,3,1,6,8
14-08-2023,4,3,2,17,15,62,2,177,62,3,33,6,1,3,2,3,1,2,3,26,1,3,3,3,1,6,7
14-08-2023,4,3,2,41,33,54,1,180,54,6,28,9,1,1,5,2,2,1,3,26,1,2,2,2,2,5,8
06-08-2023,3,2,4,42,30,98,2,178,98,1,40,13,1,5,3,2,3,2,2,16,1,2,1,2,1,7,7
06-08-2023,3,2,4,24,12,82,2,182,82,6,39,8,3,2,4,1,3,2,3,19,1,3,1,3,1,6,5
06-08-2023,3,2,4,17,69,64,2,183,64,4,40,12,1,2,5,2,3,0,2,26,1,2,3,2,1,6,9
06-08-2023,3,2,4,41,29,56,1,187,56,3,40,9,2,7,5,3,2,4,1,19,1,3,3,3,2,5,6
06-08-2023,3,2,4,32,30,48,3,192,48,4,36,5,1,3,2,1,3,3,1,26,3,2,1,3,1,6,5
08-08-2023,6,5,1,31,90,94,2,171,94,5,26,9,1,2,1,3,2,3,3,16,2,2,2,3,2,7,8
06-08-2023,2,3,2,42,93,94,2,171,94,3,23,6,2,6,3,1,2,4,2,29,2,2,1,2,1,7,7
06-08-2023,2,3,2,24,15,78,1,173,78,1,28,5,3,6,5,1,1,2,3,24,1,3,3,3,2,6,7
06-08-2023,2,3,2,17,33,62,1,177,62,3,23,8,1,2,1,2,1,3,1,20,2,3,2,2,2,6,8
06-08-2023,2,3,2,41,36,54,2,180,54,1,28,13,3,5,1,3,2,4,1,27,2,3,4,2,2,5,6
06-08-2023,2,3,2,32,93,46,2,184,46,3,34,13,2,6,4,1,1,3,2,30,3,3,4,3,1,6,5
08-08-2023,6,5,1,31,90,90,2,180,90,2,40,13,1,3,2,2,1,5,2,19,1,2,1,2,3,7,8
08-08-2023,6,5,1,22,54,76,3,169,76,2,22,15,1,2,2,2,3,0,2,25,2,3,1,2,3,6,7
08-08-2023,6,5,1,51,8,58,1,166,58,1,22,4,2,7,1,2,3,5,1,27,2,2,3,3,3,6,8
08-08-2023,6,5,1,37,90,48,2,160,48,4,35,3,1,3,2,2,2,0,1,21,3,2,4,3,3,6,7
08-08-2023,6,5,1,59,54,42,1,191,42,2,30,8,1,7,3,2,2,1,2,29,1,3,2,3,1,6,7
10-08-2023,3,2,4,42,30,96,1,175,96,2,26,7,3,7,3,3,3,2,1,19,3,3,4,3,2,7,9
10-08-2023,3,2,4,24,12,80,2,178,80,7,34,9,1,2,3,1,3,2,1,23,1,2,4,3,1,6,5
10-08-2023,3,2,4,17,69,62,2,177,62,2,33,13,3,3,1,1,2,2,2,17,1,2,1,3,3,6,6
10-08-2023,3,2,4,41,29,54,1,180,54,7,29,11,3,1,1,1,2,4,3,23,3,2,3,3,1,5,6
10-08-2023,3,2,4,32,30,46,3,184,46,5,29,11,3,4,4,1,2,1,2,15,1,3,1,3,2,6,6
12-08-2023,5,4,3,45,93,92,3,184,92,3,22,9,3,6,5,3,1,0,3,18,1,2,1,2,2,7,6
12-08-2023,5,4,3,63,15,74,2,176,74,3,32,5,3,1,4,3,1,2,1,18,3,2,2,2,2,6,8
12-08-2023,5,4,3,32,93,58,3,166,58,3,40,6,1,1,2,3,1,5,3,26,3,3,1,3,2,5,6
12-08-2023,5,4,3,73,33,46,3,153,46,7,32,3,3,1,3,1,2,5,2,25,1,3,4,2,1,6,7
12-08-2023,5,4,3,33,36,42,1,191,42,1,38,5,1,7,4,3,2,5,2,15,1,2,2,3,3,6,8
14-08-2023,4,3,5,31,21,90,2,180,90,1,35,2,3,7,4,3,3,2,2,30,2,2,4,3,3,7,8
14-08-2023,4,3,5,22,22,76,2,169,76,1,22,5,2,6,5,3,2,4,3,24,2,2,2,2,3,6,6
14-08-2023,4,3,5,51,8,58,3,166,58,2,31,3,2,4,5,3,3,4,1,21,2,2,4,3,3,6,7
14-08-2023,4,3,5,37,21,48,3,160,48,6,35,11,2,3,2,3,3,3,2,15,3,2,1,3,3,6,5
14-08-2023,4,3,5,59,22,42,1,210,42,4,34,15,1,3,4,1,1,1,1,15,1,2,1,3,1,6,5
16-08-2023,3,2,1,42,90,98,3,178,98,7,32,13,3,1,5,2,3,1,3,26,2,2,4,3,1,7,8
16-08-2023,3,2,1,24,54,82,1,182,82,1,39,12,3,7,5,2,2,4,2,28,1,2,3,3,2,6,9
16-08-2023,3,2,1,17,8,64,3,183,64,3,40,2,3,5,5,2,2,4,1,22,3,3,1,3,2,6,5
16-08-2023,3,2,1,41,90,56,2,187,56,4,31,11,1,2,1,3,2,5,1,27,2,2,2,3,2,5,9
16-08-2023,3,2,1,32,54,48,3,192,48,7,23,3,1,5,3,1,3,1,3,24,3,3,2,3,3,6,9
06-08-2023,2,3,4,42,69,96,1,175,96,6,30,11,3,6,5,3,2,5,3,24,1,2,4,3,2,7,7
06-08-2023,2,3,4,24,30,80,1,178,80,7,27,5,1,7,2,1,1,2,3,18,3,2,2,2,2,6,8
06-08-2023,2,3,4,17,12,62,3,177,62,3,31,14,2,5,3,3,2,4,1,26,1,3,3,3,1,6,7
06-08-2023,2,3,4,41,29,54,1,180,54,1,32,8,3,4,2,2,2,1,2,30,3,2,1,2,3,5,9
06-08-2023,2,3,4,32,30,46,1,184,46,2,30,2,1,6,1,1,2,0,2,26,1,2,1,3,2,6,7
08-08-2023,6,5,1,31,90,92,2,167,92,5,39,11,2,4,3,3,2,2,3,25,3,2,1,2,2,7,5
08-08-2023,6,5,1,22,8,78,1,173,78,3,30,3,1,5,3,3,1,3,1,29,3,2,2,3,1,6,6
08-08-2023,6,5,1,51,54,60,2,171,60,3,28,7,1,5,5,3,3,2,1,22,1,3,1,2,1,6,9
08-08-2023,6,5,1,37,35,48,2,160,48,1,26,5,3,5,2,1,3,4,1,18,2,3,2,3,2,6,5
08-08-2023,6,5,1,59,90,42,3,191,42,2,28,8,2,4,2,1,2,2,1,22,2,3,2,3,2,6,9
10-08-2023,3,2,3,42,36,96,2,175,96,5,26,10,3,2,5,2,2,5,3,30,3,3,4,2,3,7,6
10-08-2023,3,2,3,24,3,80,3,178,80,2,22,8,1,1,4,3,2,3,3,27,2,3,1,3,3,6,8
10-08-2023,3,2,3,17,13,62,2,177,62,7,35,2,3,1,3,3,2,3,2,20,1,3,3,3,3,6,8
10-08-2023,3,2,3,41,33,54,2,180,54,5,35,8,1,1,3,2,2,2,3,18,1,2,3,3,1,5,6
10-08-2023,3,2,3,32,3,46,3,184,46,7,36,13,1,6,4,2,2,5,3,24,1,3,4,3,1,6,7
12-08-2023,5,4,5,31,30,94,1,171,94,4,29,4,2,7,2,2,2,0,1,27,1,2,1,2,3,7,6
12-08-2023,5,4,5,22,12,78,3,173,78,2,31,3,3,7,2,1,3,2,1,18,2,2,3,3,3,6,5
12-08-2023,5,4,5,51,54,60,1,171,60,1,37,6,1,2,2,1,2,2,1,20,3,3,1,2,2,6,7
12-08-2023,5,4,5,37,29,48,2,160,48,5,26,8,1,4,1,1,3,1,1,17,3,3,1,3,2,6,5
12-08-2023,5,4,5,59,30,42,2,210,42,4,23,10,2,6,2,3,1,4,3,19,3,3,3,2,2,6,8
14-08-2023,4,3,1,18,90,88,2,176,88,3,35,15,1,7,5,3,3,2,3,26,1,3,2,2,2,7,7
14-08-2023,4,3,1,31,54,72,1,171,72,2,31,10,3,1,4,2,3,1,3,23,1,3,4,3,3,6,9
14-08-2023,4,3,1,48,8,54,2,164,54,5,22,12,1,1,1,3,3,0,3,24,3,3,2,2,1,6,5
14-08-2023,4,3,1,8,90,40,1,143,40,4,32,7,2,7,3,2,2,1,2,21,1,3,1,2,3,6,9
14-08-2023,4,3,1,7,54,36,3,164,36,1,27,3,3,1,3,1,2,2,1,25,2,2,4,3,2,6,8
16-08-2023,3,2,5,31,30,92,1,167,92,1,24,15,1,7,4,1,2,1,1,27,1,2,3,2,3,7,8
16-08-2023,3,2,5,22,22,78,3,173,78,7,32,3,1,7,5,2,3,1,1,18,2,2,2,2,1,6,7
16-08-2023,3,2,5,51,99,60,3,171,60,1,34,3,3,4,5,1,1,4,2,19,2,3,3,2,2,6,8
16-08-2023,3,2,5,37,20,48,3,160,48,7,32,12,2,7,1,1,3,4,2,17,2,3,1,3,3,6,8
16-08-2023,3,2,5,59,30,42,1,210,42,7,40,4,2,2,1,1,2,2,2,18,2,3,1,2,1,6,5
06-08-2023,3,2,4,42,69,94,1,171,94,5,33,9,2,2,1,1,2,4,2,19,2,3,3,2,1,7,7
06-08-2023,3,2,4,24,12,78,3,173,78,6,31,2,1,2,1,1,3,2,1,18,3,3,2,2,1,6,6
06-08-2023,3,2,4,17,30,60,2,171,60,7,26,15,1,4,4,3,3,5,1,21,3,3,3,3,1,6,7
06-08-2023,3,2,4,41,29,52,2,173,52,2,28,2,1,4,3,3,1,2,2,18,3,2,1,3,3,5,9
06-08-2023,3,2,4,32,69,46,3,184,46,4,36,3,1,1,1,3,3,3,2,23,2,3,2,3,2,6,9
08-08-2023,6,5,3,31,96,90,3,180,90,6,35,2,3,4,5,3,3,0,2,28,3,3,2,2,1,7,8
08-08-2023,6,5,3,22,3,76,3,169,76,3,27,6,1,5,3,3,3,2,2,24,1,3,4,2,2,6,6
08-08-2023,6,5,3,51,13,58,2,166,58,6,26,13,2,3,4,2,2,1,1,21,2,3,1,3,2,6,5
08-08-2023,6,5,3,37,33,46,1,153,46,2,28,8,2,5,5,2,2,0,2,18,3,3,4,2,2,6,5
08-08-2023,6,5,3,59,96,40,1,200,40,7,40,13,1,4,2,1,2,0,1,22,2,2,2,3,1,6,8
10-08-2023,2,3,2,45,21,88,2,176,88,6,35,9,1,1,1,3,2,5,3,30,3,3,3,3,2,7,9
06-08-2023,3,2,4,42,29,98,2,178,98,3,31,8,3,3,3,3,1,1,2,22,2,3,4,3,3,7,6
06-08-2023,3,2,4,24,69,82,1,182,82,6,22,8,1,7,5,1,1,5,2,22,1,2,2,2,2,6,9
06-08-2023,3,2,4,17,30,64,1,183,64,3,26,11,2,1,2,3,3,2,3,24,2,3,1,3,3,6,8
06-08-2023,3,2,4,41,12,56,3,187,56,7,30,11,1,2,1,3,1,4,1,20,1,2,3,2,3,5,6
06-08-2023,3,2,4,32,29,48,3,192,48,1,22,3,2,1,4,1,1,4,2,27,3,3,4,3,1,6,7
08-08-2023,6,5,3,31,36,94,3,171,94,7,30,15,2,3,3,1,1,0,2,16,1,2,2,2,3,7,9
08-08-2023,6,5,3,22,3,78,1,173,78,5,40,7,1,3,1,2,2,3,1,23,3,3,1,3,2,6,7
08-08-2023,6,5,3,51,5,60,2,171,60,5,30,13,2,2,1,3,2,3,2,23,1,2,4,3,3,6,9
08-08-2023,6,5,3,37,33,48,2,160,48,2,26,9,2,1,4,2,3,0,1,15,3,2,4,2,2,6,9
08-08-2023,6,5,3,59,13,42,2,210,42,4,33,6,1,2,5,3,1,5,1,21,1,3,4,3,3,6,5
10-08-2023,2,3,1,18,70,90,1,180,90,1,27,15,3,1,3,2,1,2,3,29,3,2,4,3,3,7,7
10-08-2023,2,3,1,31,15,74,2,176,74,1,28,3,1,1,2,3,3,0,1,23,2,2,3,3,2,6,9
10-08-2023,2,3,1,48,33,54,1,164,54,2,24,11,3,6,2,2,1,3,2,17,1,3,4,3,2,6,8
10-08-2023,2,3,1,8,70,40,2,143,40,2,26,10,3,7,5,2,2,2,2,23,1,2,2,2,2,6,8
10-08-2023,2,3,1,7,36,36,2,164,36,4,22,3,1,5,3,3,2,0,3,25,1,2,3,2,2,6,8
12-08-2023,5,4,2,42,30,98,3,178,98,7,29,6,3,6,5,2,3,2,3,26,3,3,1,2,2,7,7
12-08-2023,5,4,2,24,12,82,2,182,82,2,31,14,2,3,5,2,1,4,1,30,1,2,4,3,2,6,6
12-08-2023,5,4,2,17,69,64,3,183,64,1,38,11,1,2,3,3,3,0,2,28,2,3,1,3,2,6,8
12-08-2023,5,4,2,41,30,56,3,187,56,6,30,10,2,3,1,1,3,5,3,27,2,2,2,2,2,5,6
12-08-2023,5,4,2,32,12,48,3,192,48,2,30,13,1,6,4,3,1,3,3,24,3,2,4,2,1,6,5
14-08-2023,4,3,5,31,66,92,2,167,92,1,40,6,1,6,3,2,3,1,3,30,1,3,4,3,3,7,6
14-08-2023,4,3,5,22,19,78,1,173,78,3,36,6,2,3,2,1,1,2,2,24,3,3,3,2,1,6,8
14-08-2023,4,3,5,51,15,60,3,171,60,5,40,5,2,3,1,2,2,2,1,19,1,3,2,3,3,6,6
14-08-2023,4,3,5,37,5,48,2,160,48,2,29,11,2,1,4,2,2,4,3,25,3,2,2,2,2,6,7
16-08-2023,3,2,3,42,93,96,2,175,96,5,24,6,3,5,2,1,1,2,2,22,2,2,4,2,2,7,8
16-08-2023,3,2,3,24,70,80,1,178,80,7,25,8,3,3,1,1,3,1,2,18,2,2,1,3,1,6,8
16-08-2023,3,2,3,17,15,62,3,177,62,6,31,4,3,2,2,2,2,0,2,19,3,2,4,2,3,6,8
16-08-2023,3,2,3,41,36,54,2,180,54,4,24,4,2,6,5,1,2,0,1,26,3,2,4,2,1,5,7
16-08-2023,3,2,3,32,93,46,3,184,46,2,30,13,1,3,2,1,3,0,1,25,1,2,4,2,1,6,8
18-08-2023,6,5,1,18,90,88,1,176,88,7,34,13,1,1,3,1,2,0,3,18,3,3,1,2,1,7,9
18-08-2023,6,5,1,31,54,72,1,171,72,3,31,8,1,5,2,3,2,4,2,20,2,2,1,3,2,6,5
18-08-2023,6,5,1,48,8,54,1,164,54,4,35,12,2,4,3,1,1,5,2,23,3,3,3,2,2,6,7
18-08-2023,6,5,1,8,90,40,1,143,40,3,26,5,2,5,3,1,1,2,3,24,3,3,3,2,2,6,8
18-08-2023,6,5,1,7,54,36,3,164,36,6,35,9,3,7,1,2,2,2,3,28,1,2,1,3,1,6,7
20-08-2023,2,3,3,18,13,102,3,170,102,6,35,13,2,2,3,2,3,4,3,26,1,2,1,2,3,7,6
20-08-2023,2,3,3,32,93,68,3,170,68,3,33,2,2,4,1,2,2,3,1,29,3,3,1,2,1,6,5
20-08-2023,2,3,3,106,70,54,3,180,54,2,34,15,1,1,3,2,2,0,1,24,2,3,3,3,2,6,8
20-08-2023,2,3,3,5,15,46,1,184,46,4,28,10,2,1,1,3,1,4,1,17,1,2,1,2,1,5,5
20-08-2023,2,3,3,60,36,40,2,200,40,2,35,7,2,3,3,1,3,1,2,21,1,2,2,3,2,6,8
22-08-2023,5,4,1,18,90,92,3,167,92,1,36,4,1,7,2,1,1,1,2,16,2,2,1,2,1,7,9
22-08-2023,5,4,1,31,54,78,2,173,78,1,32,4,3,4,1,3,1,0,3,27,1,2,1,3,3,6,9
22-08-2023,5,4,1,48,8,60,3,171,60,7,22,13,2,4,4,3,1,2,2,27,3,3,1,2,3,6,5
22-08-2023,5,4,1,8,90,44,2,147,44,1,22,4,2,4,5,2,3,1,2,19,2,2,1,3,3,6,5
22-08-2023,5,4,1,7,54,36,3,164,36,5,36,9,2,1,2,1,1,3,2,22,3,3,2,2,2,6,7
24-08-2023,4,3,5,31,15,98,2,178,98,7,35,4,1,4,1,3,2,3,1,27,2,2,3,3,3,7,5
24-08-2023,4,3,5,22,19,78,1,173,78,3,24,13,3,5,4,2,3,4,2,18,1,2,3,3,3,6,6
24-08-2023,4,3,5,51,5,60,3,171,60,2,32,9,3,1,2,2,1,1,1,20,1,2,4,2,3,6,5
24-08-2023,4,3,5,37,36,48,2,160,48,5,40,6,2,7,3,1,3,5,1,25,2,2,2,2,3,6,6
24-08-2023,4,3,5,59,13,42,1,210,42,1,26,4,1,2,5,3,1,2,3,24,2,3,4,3,2,6,9
26-08-2023,3,2,1,42,90,96,1,175,96,6,36,3,1,1,5,3,1,2,2,20,2,3,3,2,3,7,7
26-08-2023,3,2,1,24,8,80,1,178,80,5,27,8,1,6,1,1,2,4,1,29,3,2,2,2,2,6,6
26-08-2023,3,2,1,17,54,62,3,177,62,7,39,14,3,6,2,2,1,3,2,19,2,2,4,2,1,6,6
26-08-2023,3,2,1,41,90,54,2,180,54,6,26,12,1,1,2,3,2,3,2,24,1,3,1,3,2,5,7
26-08-2023,3,2,1,32,8,46,1,184,46,2,40,15,2,4,1,1,1,4,2,15,3,2,3,2,3,6,7
28-08-2023,6,5,4,31,30,94,1,171,94,7,27,8,3,3,4,3,3,0,3,25,2,2,2,3,1,7,6
07-07-2023,2,3,1,18,93,88,3,176,88,5,36,13,2,6,3,1,1,0,1,27,3,3,2,3,1,7,8
07-07-2023,2,3,1,31,15,72,3,171,72,2,40,15,3,4,2,2,3,2,2,19,1,3,4,3,3,6,5
07-07-2023,2,3,1,48,33,54,3,164,54,1,25,10,2,1,3,3,2,0,2,15,1,3,1,2,1,6,9
07-07-2023,2,3,1,8,36,40,3,143,40,4,33,12,3,6,5,2,2,2,2,30,2,3,3,3,3,6,8
07-07-2023,2,3,1,7,28,36,2,164,36,4,36,12,1,7,4,2,1,4,2,25,3,2,2,3,1,6,9
09-07-2023,4,3,4,77,54,94,2,188,94,7,37,5,3,5,5,1,1,0,2,25,3,3,4,2,2,7,7
09-07-2023,4,3,4,27,30,80,2,178,80,4,37,8,1,4,1,1,3,1,3,28,3,3,2,3,3,6,9
09-07-2023,4,3,4,75,29,62,1,177,62,6,35,10,3,6,2,3,1,4,3,28,2,2,3,3,2,6,9
09-07-2023,4,3,4,16,3,48,2,160,48,7,39,14,3,6,5,3,1,5,1,16,3,3,4,2,3,6,6
09-07-2023,4,3,4,19,5,42,3,191,42,3,36,12,3,3,3,2,3,1,3,21,2,3,4,2,3,6,9
11-07-2023,5,4,5,31,30,90,1,180,90,2,32,8,1,6,3,1,3,3,1,22,1,3,2,2,1,7,7
11-07-2023,5,4,5,22,75,74,1,176,74,3,36,5,1,1,4,2,3,5,2,16,2,3,1,3,1,6,9
11-07-2023,5,4,5,51,29,56,2,170,56,3,35,5,1,4,5,1,3,0,1,28,3,2,4,2,2,6,9
11-07-2023,5,4,5,37,69,42,2,140,42,3,32,11,1,4,3,1,2,3,1,21,3,3,3,2,2,6,8
11-07-2023,5,4,5,59,12,38,2,173,38,5,27,6,3,2,5,2,1,5,3,28,2,3,1,2,1,6,8
07-07-2023,3,2,3,42,93,84,2,162,84,4,38,2,3,7,2,1,1,5,1,18,2,2,1,2,1,8,7
07-07-2023,3,2,3,24,15,72,3,180,72,1,35,10,3,6,5,1,2,5,1,27,1,3,1,2,3,6,5
07-07-2023,3,2,3,17,33,58,2,166,58,4,29,4,3,1,2,2,1,3,2,29,2,2,3,2,2,6,6
07-07-2023,3,2,3,41,36,50,2,167,50,4,40,14,2,7,5,1,1,2,2,20,3,2,3,2,2,5,5
07-07-2023,3,2,3,32,93,42,2,168,42,1,38,8,3,7,3,2,3,2,2,18,1,3,1,3,1,6,6
09-07-2023,6,5,2,31,19,94,1,171,94,3,34,11,3,3,4,2,3,3,1,20,3,2,3,3,2,7,8
09-07-2023,6,5,2,22,22,78,3,173,78,6,25,3,3,7,5,3,1,1,2,15,2,2,1,2,2,6,6
09-07-2023,6,5,2,51,99,60,1,171,60,7,26,9,1,3,3,2,3,0,2,28,3,2,4,3,2,6,8
09-07-2023,6,5,2,37,20,48,1,160,48,7,36,5,1,3,1,3,1,0,2,15,2,2,2,2,2,6,8
09-07-2023,6,5,2,59,21,40,2,200,40,7,23,4,3,6,3,1,2,4,3,21,1,3,1,2,3,6,5
11-07-2023,2,3,1,18,90,88,2,176,88,5,23,14,1,3,5,3,2,5,3,18,1,2,2,2,1,7,5
11-07-2023,2,3,1,31,18,72,3,171,72,2,26,8,1,1,5,3,1,1,3,25,1,2,2,2,1,6,5
11-07-2023,2,3,1,48,8,54,3,164,54,4,30,5,3,7,3,2,1,4,2,17,2,3,1,2,1,6,6
11-07-2023,2,3,1,8,22,40,1,143,40,6,28,10,2,2,2,2,3,5,3,25,2,3,4,3,1,6,5
11-07-2023,2,3,1,7,54,36,2,164,36,4,29,5,3,6,3,2,3,4,1,16,3,2,2,2,1,6,7
13-07-2023,5,4,5,31,19,90,2,180,90,1,40,12,1,6,4,1,1,0,2,19,1,2,1,2,3,7,5
13-07-2023,5,4,5,22,15,74,2,176,74,2,22,11,1,6,3,2,3,5,1,21,3,2,3,2,2,6,8
13-07-2023,5,4,5,51,75,56,1,170,56,5,37,15,2,5,4,2,2,5,2,27,3,3,4,2,1,6,7
13-07-2023,5,4,5,37,69,42,3,140,42,1,23,11,2,6,3,1,1,1,3,26,2,3,2,3,2,6,6
13-07-2023,5,4,5,59,12,38,1,173,38,4,23,15,1,3,3,1,2,2,3,19,1,3,4,2,3,6,7
15-07-2023,4,3,3,45,3,92,3,184,92,4,25,5,2,1,4,1,1,3,3,28,2,3,2,3,3,7,8
15-07-2023,4,3,3,63,36,76,3,181,76,4,31,14,3,2,3,1,3,1,2,16,2,2,2,3,2,6,6
15-07-2023,4,3,3,32,5,58,3,166,58,5,30,9,1,4,1,2,2,4,1,26,2,2,3,2,2,5,6
15-07-2023,4,3,3,73,99,46,2,153,46,2,34,11,3,6,2,1,1,5,2,18,2,3,4,2,3,6,9
15-07-2023,4,3,3,33,96,42,1,191,42,3,35,10,2,5,3,3,2,5,2,19,3,3,4,2,1,6,6
17-07-2023,3,2,1,18,90,86,3,172,86,3,30,11,3,4,1,2,3,5,1,29,2,3,2,3,2,7,7
17-07-2023,3,2,1,31,18,70,1,167,70,6,32,10,1,4,5,2,3,5,3,23,3,2,4,3,3,6,7
17-07-2023,3,2,1,48,8,52,1,158,52,7,23,7,2,3,3,2,3,2,3,16,3,3,1,3,1,6,5
17-07-2023,3,2,1,8,22,38,3,136,38,6,33,14,2,7,3,1,1,0,3,28,1,3,1,2,3,6,5
17-07-2023,3,2,1,7,54,34,1,155,34,1,30,9,3,4,1,3,3,4,1,17,2,2,4,2,2,6,5
17-07-2023,2,3,2,42,99,96,1,175,96,3,27,7,1,6,4,2,3,4,2,24,1,3,3,3,1,7,9
17-07-2023,2,3,2,24,20,82,3,182,82,3,23,2,3,2,1,2,3,0,3,23,2,3,4,2,3,6,6
17-07-2023,2,3,2,17,21,64,3,183,64,4,22,3,2,5,2,2,3,5,3,24,3,2,3,3,3,6,6
17-07-2023,2,3,2,41,25,50,2,167,50,1,31,3,3,7,5,2,1,5,3,28,3,2,3,3,3,6,5
17-07-2023,2,3,2,32,8,40,2,160,40,5,40,11,1,2,5,3,2,2,3,24,1,2,1,3,1,6,6
19-07-2023,5,4,1,18,90,90,2,180,90,2,25,9,1,6,4,2,2,4,1,21,3,3,2,3,1,7,6
19-07-2023,5,4,1,31,54,74,3,176,74,4,33,8,2,3,2,3,2,0,2,25,3,3,4,3,1,6,7
19-07-2023,5,4,1,48,8,56,1,170,56,6,27,8,3,1,1,2,1,4,2,28,2,2,1,2,2,6,7
19-07-2023,5,4,1,8,22,42,1,140,42,4,36,5,2,6,3,2,1,3,1,26,3,2,2,2,1,6,7
19-07-2023,5,4,1,7,54,36,1,164,36,1,29,14,2,3,3,3,3,5,3,17,2,3,2,2,3,6,5
21-07-2023,6,5,3,31,5,92,1,167,92,7,32,15,1,7,4,3,3,3,3,15,3,3,1,2,2,7,9
